Product Name,Cost,SKU,imap,Media,Video
Test-1,100,4000,2,DH-00001.jpg,http://www.screencast.com/t/e1yGGo8ahCw
Test-2,200,4001,2,DH-00002.jpg,http://www.screencast.com/t/e1yGGo8ahCw
Test-3,300,4002,2,DH-00003.jpg,http://www.screencast.com/t/e1yGGo8ahCw
Test-4,400,4003,2,DH-00004.jpg,http://www.screencast.com/t/e1yGGo8ahCw
Test-5,500,4004,2,DH-00005.jpg,http://www.screencast.com/t/e1yGGo8ahCw
Test-6,600,4005,2,DH-00001.jpg,http://www.screencast.com/t/e1yGGo8ahCw
Test-7,700,4006,2,DH-00007.jpg,http://www.screencast.com/t/e1yGGo8ahCw
Test-8,800,4007,2,DH-00008.jpg,http://www.screencast.com/t/e1yGGo8ahCw
Test-9,900,4008,2,DH-00009.jpg,http://www.screencast.com/t/e1yGGo8ahCw
Test-10,1000,4009,2,DH-00010.jpg,http://www.screencast.com/t/e1yGGo8ahCw
Test-11,1100,4010,2,DH-00011.jpg,http://www.screencast.com/t/e1yGGo8ahCw
Test-12,1200,4011,2,DH-00012.jpg,http://www.screencast.com/t/e1yGGo8ahCw
Test-13,1300,4012,2,DH-00013.jpg,http://www.screencast.com/t/e1yGGo8ahCw
Test-14,1400,4013,2,DH-00014.png,http://www.screencast.com/t/e1yGGo8ahCw
Test-15,1500,4014,2,DH-00015.jpg,http://www.screencast.com/t/e1yGGo8ahCw
Test-16,1600,4015,2,DH-00016.jpg,http://www.screencast.com/t/e1yGGo8ahCw
Test-17,1700,4016,2,DH-00001.jpg,http://www.screencast.com/t/e1yGGo8ahCw
Test-18,1800,4017,2,DH-00018.jpg,http://www.screencast.com/t/e1yGGo8ahCw
Test-19,1900,4018,2,DH-00019.jpg,http://www.screencast.com/t/e1yGGo8ahCw
Test-20,2000,4019,2,DH-00020.jpg,http://www.screencast.com/t/e1yGGo8ahCw
Test-21,2100,4020,2,DH-00021.jpg,http://www.screencast.com/t/e1yGGo8ahCw
Test-22,2200,4021,2,DH-00022.jpg,http://www.screencast.com/t/e1yGGo8ahCw
Test-23,2300,4022,2,DH-00023.jpg,http://www.screencast.com/t/e1yGGo8ahCw
Test-24,2400,4023,2,DH-00024.jpg,http://www.screencast.com/t/e1yGGo8ahCw
Test-25,2500,4024,2,DH-00025.jpg,http://www.screencast.com/t/e1yGGo8ahCw
Test-26,2600,4025,2,DH-00026.jpg,http://www.screencast.com/t/e1yGGo8ahCw
Test-27,2700,4026,2,DH-00027.jpg,http://www.screencast.com/t/e1yGGo8ahCw
Test-28,2800,4027,2,DH-00028.jpg,http://www.screencast.com/t/e1yGGo8ahCw
Test-29,2900,4028,2,DH-00029.jpg,http://www.screencast.com/t/e1yGGo8ahCw
Test-30,3000,4029,2,DH-00030.jpg,http://www.screencast.com/t/e1yGGo8ahCw
Test-31,3100,4030,2,DH-00031.jpg,http://www.screencast.com/t/e1yGGo8ahCw
Test-32,3200,4031,2,DH-00032.jpg,http://www.screencast.com/t/e1yGGo8ahCw
Test-33,3300,4032,2,DH-00033.jpg,http://www.screencast.com/t/e1yGGo8ahCw
Test-34,3400,4033,2,DH-00034.jpg,http://www.screencast.com/t/e1yGGo8ahCw
Test-35,3500,4034,2,DH-00035.jpg,http://www.screencast.com/t/e1yGGo8ahCw
Test-36,3600,4035,2,DH-00036.jpg,http://www.screencast.com/t/e1yGGo8ahCw
Test-37,3700,4036,2,DH-00037.jpg,http://www.screencast.com/t/e1yGGo8ahCw
Test-38,3800,4037,2,DH-00038.jpg,http://www.screencast.com/t/e1yGGo8ahCw
Test-39,3900,4038,2,DH-00039.jpg,http://www.screencast.com/t/e1yGGo8ahCw
Test-40,4000,4039,2,DH-00040.jpg,http://www.screencast.com/t/e1yGGo8ahCw
Test-41,4100,4040,2,DH-00041.jpg,http://www.screencast.com/t/e1yGGo8ahCw
Test-42,4200,4041,2,DH-00042.jpg,http://www.screencast.com/t/e1yGGo8ahCw
Test-43,4300,4042,2,DH-00043.jpg,http://www.screencast.com/t/e1yGGo8ahCw
Test-44,4400,4043,2,DH-00044.jpg,http://www.screencast.com/t/e1yGGo8ahCw
Test-45,4500,4044,2,DH-00045.jpg,http://www.screencast.com/t/e1yGGo8ahCw
Test-46,4600,4045,2,DH-00046.jpg,http://www.screencast.com/t/e1yGGo8ahCw
Test-47,4700,4046,2,DH-00047.jpg,http://www.screencast.com/t/e1yGGo8ahCw
Test-48,4800,4047,2,DH-00048.jpg,http://www.screencast.com/t/e1yGGo8ahCw
Test-49,4900,4048,2,DH-00049.jpg,http://www.screencast.com/t/e1yGGo8ahCw
Test-50,5000,4049,2,DH-00050.jpg,http://www.screencast.com/t/e1yGGo8ahCw
Test-51,5100,4050,2,DH-00001.jpg,http://www.screencast.com/t/e1yGGo8ahCw
Test-52,5200,4051,2,DH-00002.jpg,http://www.screencast.com/t/e1yGGo8ahCw
Test-53,5300,4052,2,DH-00003.jpg,http://www.screencast.com/t/e1yGGo8ahCw
Test-54,5400,4053,2,DH-00004.jpg,http://www.screencast.com/t/e1yGGo8ahCw
Test-55,5500,4054,2,DH-00005.jpg,http://www.screencast.com/t/e1yGGo8ahCw
Test-56,5600,4055,2,DH-00001.jpg,http://www.screencast.com/t/e1yGGo8ahCw
Test-57,5700,4056,2,DH-00007.jpg,http://www.screencast.com/t/e1yGGo8ahCw
Test-58,5800,4057,2,DH-00008.jpg,http://www.screencast.com/t/e1yGGo8ahCw
Test-59,5900,4058,2,DH-00009.jpg,http://www.screencast.com/t/e1yGGo8ahCw
Test-60,6000,4059,2,DH-00010.jpg,http://www.screencast.com/t/e1yGGo8ahCw
Test-61,6100,4060,2,DH-00011.jpg,http://www.screencast.com/t/e1yGGo8ahCw
Test-62,6200,4061,2,DH-00012.jpg,http://www.screencast.com/t/e1yGGo8ahCw
Test-63,6300,4062,2,DH-00013.jpg,http://www.screencast.com/t/e1yGGo8ahCw
Test-64,6400,4063,2,DH-00014.png,http://www.screencast.com/t/e1yGGo8ahCw
Test-65,6500,4064,2,DH-00015.jpg,http://www.screencast.com/t/e1yGGo8ahCw
Test-66,6600,4065,2,DH-00016.jpg,http://www.screencast.com/t/e1yGGo8ahCw
Test-67,6700,4066,2,DH-00001.jpg,http://www.screencast.com/t/e1yGGo8ahCw
Test-68,6800,4067,2,DH-00018.jpg,http://www.screencast.com/t/e1yGGo8ahCw
Test-69,6900,4068,2,DH-00019.jpg,http://www.screencast.com/t/e1yGGo8ahCw
Test-70,7000,4069,2,DH-00020.jpg,http://www.screencast.com/t/e1yGGo8ahCw
Test-71,7100,4070,2,DH-00021.jpg,http://www.screencast.com/t/e1yGGo8ahCw
Test-72,7200,4071,2,DH-00022.jpg,http://www.screencast.com/t/e1yGGo8ahCw
Test-73,7300,4072,2,DH-00023.jpg,http://www.screencast.com/t/e1yGGo8ahCw
Test-74,7400,4073,2,DH-00024.jpg,http://www.screencast.com/t/e1yGGo8ahCw
Test-75,7500,4074,2,DH-00025.jpg,http://www.screencast.com/t/e1yGGo8ahCw
Test-76,7600,4075,2,DH-00026.jpg,http://www.screencast.com/t/e1yGGo8ahCw
Test-77,7700,4076,2,DH-00027.jpg,http://www.screencast.com/t/e1yGGo8ahCw
Test-78,7800,4077,2,DH-00028.jpg,http://www.screencast.com/t/e1yGGo8ahCw
Test-79,7900,4078,2,DH-00029.jpg,http://www.screencast.com/t/e1yGGo8ahCw
Test-80,8000,4079,2,DH-00030.jpg,http://www.screencast.com/t/e1yGGo8ahCw
Test-81,8100,4080,2,DH-00031.jpg,http://www.screencast.com/t/e1yGGo8ahCw
Test-82,8200,4081,2,DH-00032.jpg,http://www.screencast.com/t/e1yGGo8ahCw
Test-83,8300,4082,2,DH-00033.jpg,http://www.screencast.com/t/e1yGGo8ahCw
Test-84,8400,4083,2,DH-00034.jpg,http://www.screencast.com/t/e1yGGo8ahCw
Test-85,8500,4084,2,DH-00035.jpg,http://www.screencast.com/t/e1yGGo8ahCw
Test-86,8600,4085,2,DH-00036.jpg,http://www.screencast.com/t/e1yGGo8ahCw
Test-87,8700,4086,2,DH-00037.jpg,http://www.screencast.com/t/e1yGGo8ahCw
Test-88,8800,4087,2,DH-00038.jpg,http://www.screencast.com/t/e1yGGo8ahCw
Test-89,8900,4088,2,DH-00039.jpg,http://www.screencast.com/t/e1yGGo8ahCw
Test-90,9000,4089,2,DH-00040.jpg,http://www.screencast.com/t/e1yGGo8ahCw
Test-91,9100,4090,2,DH-00041.jpg,http://www.screencast.com/t/e1yGGo8ahCw
Test-92,9200,4091,2,DH-00042.jpg,http://www.screencast.com/t/e1yGGo8ahCw
Test-93,9300,4092,2,DH-00043.jpg,http://www.screencast.com/t/e1yGGo8ahCw
Test-94,9400,4093,2,DH-00044.jpg,http://www.screencast.com/t/e1yGGo8ahCw
Test-95,9500,4094,2,DH-00045.jpg,http://www.screencast.com/t/e1yGGo8ahCw
Test-96,9600,4095,2,DH-00046.jpg,http://www.screencast.com/t/e1yGGo8ahCw
Test-97,9700,4096,2,DH-00047.jpg,http://www.screencast.com/t/e1yGGo8ahCw
Test-98,9800,4097,2,DH-00048.jpg,http://www.screencast.com/t/e1yGGo8ahCw
Test-99,9900,4098,2,DH-00049.jpg,http://www.screencast.com/t/e1yGGo8ahCw
Test-100,10000,4099,2,DH-00050.jpg,http://www.screencast.com/t/e1yGGo8ahCw
Test-101,10100,4100,2,DH-00001.jpg,http://www.screencast.com/t/e1yGGo8ahCw
Test-102,10200,4101,2,DH-00002.jpg,http://www.screencast.com/t/e1yGGo8ahCw
Test-103,10300,4102,2,DH-00003.jpg,http://www.screencast.com/t/e1yGGo8ahCw
Test-104,10400,4103,2,DH-00004.jpg,http://www.screencast.com/t/e1yGGo8ahCw
Test-105,10500,4104,2,DH-00005.jpg,http://www.screencast.com/t/e1yGGo8ahCw
Test-106,10600,4105,2,DH-00001.jpg,http://www.screencast.com/t/e1yGGo8ahCw
Test-107,10700,4106,2,DH-00007.jpg,http://www.screencast.com/t/e1yGGo8ahCw
Test-108,10800,4107,2,DH-00008.jpg,http://www.screencast.com/t/e1yGGo8ahCw
Test-109,10900,4108,2,DH-00009.jpg,http://www.screencast.com/t/e1yGGo8ahCw
Test-110,11000,4109,2,DH-00010.jpg,http://www.screencast.com/t/e1yGGo8ahCw
Test-111,11100,4110,2,DH-00011.jpg,http://www.screencast.com/t/e1yGGo8ahCw
Test-112,11200,4111,2,DH-00012.jpg,http://www.screencast.com/t/e1yGGo8ahCw
Test-113,11300,4112,2,DH-00013.jpg,http://www.screencast.com/t/e1yGGo8ahCw
Test-114,11400,4113,2,DH-00014.png,http://www.screencast.com/t/e1yGGo8ahCw
Test-115,11500,4114,2,DH-00015.jpg,http://www.screencast.com/t/e1yGGo8ahCw
Test-116,11600,4115,2,DH-00016.jpg,http://www.screencast.com/t/e1yGGo8ahCw
Test-117,11700,4116,2,DH-00001.jpg,http://www.screencast.com/t/e1yGGo8ahCw
Test-118,11800,4117,2,DH-00018.jpg,http://www.screencast.com/t/e1yGGo8ahCw
Test-119,11900,4118,2,DH-00019.jpg,http://www.screencast.com/t/e1yGGo8ahCw
Test-120,12000,4119,2,DH-00020.jpg,http://www.screencast.com/t/e1yGGo8ahCw
Test-121,12100,4120,2,DH-00021.jpg,http://www.screencast.com/t/e1yGGo8ahCw
Test-122,12200,4121,2,DH-00022.jpg,http://www.screencast.com/t/e1yGGo8ahCw
Test-123,12300,4122,2,DH-00023.jpg,http://www.screencast.com/t/e1yGGo8ahCw
Test-124,12400,4123,2,DH-00024.jpg,http://www.screencast.com/t/e1yGGo8ahCw
Test-125,12500,4124,2,DH-00025.jpg,http://www.screencast.com/t/e1yGGo8ahCw
Test-126,12600,4125,2,DH-00026.jpg,http://www.screencast.com/t/e1yGGo8ahCw
Test-127,12700,4126,2,DH-00027.jpg,http://www.screencast.com/t/e1yGGo8ahCw
Test-128,12800,4127,2,DH-00028.jpg,http://www.screencast.com/t/e1yGGo8ahCw
Test-129,12900,4128,2,DH-00029.jpg,http://www.screencast.com/t/e1yGGo8ahCw
Test-130,13000,4129,2,DH-00030.jpg,http://www.screencast.com/t/e1yGGo8ahCw
Test-131,13100,4130,2,DH-00031.jpg,http://www.screencast.com/t/e1yGGo8ahCw
Test-132,13200,4131,2,DH-00032.jpg,http://www.screencast.com/t/e1yGGo8ahCw
Test-133,13300,4132,2,DH-00033.jpg,http://www.screencast.com/t/e1yGGo8ahCw
Test-134,13400,4133,2,DH-00034.jpg,http://www.screencast.com/t/e1yGGo8ahCw
Test-135,13500,4134,2,DH-00035.jpg,http://www.screencast.com/t/e1yGGo8ahCw
Test-136,13600,4135,2,DH-00036.jpg,http://www.screencast.com/t/e1yGGo8ahCw
Test-137,13700,4136,2,DH-00037.jpg,http://www.screencast.com/t/e1yGGo8ahCw
Test-138,13800,4137,2,DH-00038.jpg,http://www.screencast.com/t/e1yGGo8ahCw
Test-139,13900,4138,2,DH-00039.jpg,http://www.screencast.com/t/e1yGGo8ahCw
Test-140,14000,4139,2,DH-00040.jpg,http://www.screencast.com/t/e1yGGo8ahCw
Test-141,14100,4140,2,DH-00041.jpg,http://www.screencast.com/t/e1yGGo8ahCw
Test-142,14200,4141,2,DH-00042.jpg,http://www.screencast.com/t/e1yGGo8ahCw
Test-143,14300,4142,2,DH-00043.jpg,http://www.screencast.com/t/e1yGGo8ahCw
Test-144,14400,4143,2,DH-00044.jpg,http://www.screencast.com/t/e1yGGo8ahCw
Test-145,14500,4144,2,DH-00045.jpg,http://www.screencast.com/t/e1yGGo8ahCw
Test-146,14600,4145,2,DH-00046.jpg,http://www.screencast.com/t/e1yGGo8ahCw
Test-147,14700,4146,2,DH-00047.jpg,http://www.screencast.com/t/e1yGGo8ahCw
Test-148,14800,4147,2,DH-00048.jpg,http://www.screencast.com/t/e1yGGo8ahCw
Test-149,14900,4148,2,DH-00049.jpg,http://www.screencast.com/t/e1yGGo8ahCw
Test-150,15000,4149,2,DH-00050.jpg,http://www.screencast.com/t/e1yGGo8ahCw
Test-151,15100,4150,2,DH-00001.jpg,http://www.screencast.com/t/e1yGGo8ahCw
Test-152,15200,4151,2,DH-00002.jpg,http://www.screencast.com/t/e1yGGo8ahCw
Test-153,15300,4152,2,DH-00003.jpg,http://www.screencast.com/t/e1yGGo8ahCw
Test-154,15400,4153,2,DH-00004.jpg,http://www.screencast.com/t/e1yGGo8ahCw
Test-155,15500,4154,2,DH-00005.jpg,http://www.screencast.com/t/e1yGGo8ahCw
Test-156,15600,4155,2,DH-00001.jpg,http://www.screencast.com/t/e1yGGo8ahCw
Test-157,15700,4156,2,DH-00007.jpg,http://www.screencast.com/t/e1yGGo8ahCw
Test-158,15800,4157,2,DH-00008.jpg,http://www.screencast.com/t/e1yGGo8ahCw
Test-159,15900,4158,2,DH-00009.jpg,http://www.screencast.com/t/e1yGGo8ahCw
Test-160,16000,4159,2,DH-00010.jpg,http://www.screencast.com/t/e1yGGo8ahCw
Test-161,16100,4160,2,DH-00011.jpg,http://www.screencast.com/t/e1yGGo8ahCw
Test-162,16200,4161,2,DH-00012.jpg,http://www.screencast.com/t/e1yGGo8ahCw
Test-163,16300,4162,2,DH-00013.jpg,http://www.screencast.com/t/e1yGGo8ahCw
Test-164,16400,4163,2,DH-00014.png,http://www.screencast.com/t/e1yGGo8ahCw
Test-165,16500,4164,2,DH-00015.jpg,http://www.screencast.com/t/e1yGGo8ahCw
Test-166,16600,4165,2,DH-00016.jpg,http://www.screencast.com/t/e1yGGo8ahCw
Test-167,16700,4166,2,DH-00001.jpg,http://www.screencast.com/t/e1yGGo8ahCw
Test-168,16800,4167,2,DH-00018.jpg,http://www.screencast.com/t/e1yGGo8ahCw
Test-169,16900,4168,2,DH-00019.jpg,http://www.screencast.com/t/e1yGGo8ahCw
Test-170,17000,4169,2,DH-00020.jpg,http://www.screencast.com/t/e1yGGo8ahCw
Test-171,17100,4170,2,DH-00021.jpg,http://www.screencast.com/t/e1yGGo8ahCw
Test-172,17200,4171,2,DH-00022.jpg,http://www.screencast.com/t/e1yGGo8ahCw
Test-173,17300,4172,2,DH-00023.jpg,http://www.screencast.com/t/e1yGGo8ahCw
Test-174,17400,4173,2,DH-00024.jpg,http://www.screencast.com/t/e1yGGo8ahCw
Test-175,17500,4174,2,DH-00025.jpg,http://www.screencast.com/t/e1yGGo8ahCw
Test-176,17600,4175,2,DH-00026.jpg,http://www.screencast.com/t/e1yGGo8ahCw
Test-177,17700,4176,2,DH-00027.jpg,http://www.screencast.com/t/e1yGGo8ahCw
Test-178,17800,4177,2,DH-00028.jpg,http://www.screencast.com/t/e1yGGo8ahCw
Test-179,17900,4178,2,DH-00029.jpg,http://www.screencast.com/t/e1yGGo8ahCw
Test-180,18000,4179,2,DH-00030.jpg,http://www.screencast.com/t/e1yGGo8ahCw
Test-181,18100,4180,2,DH-00031.jpg,http://www.screencast.com/t/e1yGGo8ahCw
Test-182,18200,4181,2,DH-00032.jpg,http://www.screencast.com/t/e1yGGo8ahCw
Test-183,18300,4182,2,DH-00033.jpg,http://www.screencast.com/t/e1yGGo8ahCw
Test-184,18400,4183,2,DH-00034.jpg,http://www.screencast.com/t/e1yGGo8ahCw
Test-185,18500,4184,2,DH-00035.jpg,http://www.screencast.com/t/e1yGGo8ahCw
Test-186,18600,4185,2,DH-00036.jpg,http://www.screencast.com/t/e1yGGo8ahCw
Test-187,18700,4186,2,DH-00037.jpg,http://www.screencast.com/t/e1yGGo8ahCw
Test-188,18800,4187,2,DH-00038.jpg,http://www.screencast.com/t/e1yGGo8ahCw
Test-189,18900,4188,2,DH-00039.jpg,http://www.screencast.com/t/e1yGGo8ahCw
Test-190,19000,4189,2,DH-00040.jpg,http://www.screencast.com/t/e1yGGo8ahCw
Test-191,19100,4190,2,DH-00041.jpg,http://www.screencast.com/t/e1yGGo8ahCw
Test-192,19200,4191,2,DH-00042.jpg,http://www.screencast.com/t/e1yGGo8ahCw
Test-193,19300,4192,2,DH-00043.jpg,http://www.screencast.com/t/e1yGGo8ahCw
Test-194,19400,4193,2,DH-00044.jpg,http://www.screencast.com/t/e1yGGo8ahCw
Test-195,19500,4194,2,DH-00045.jpg,http://www.screencast.com/t/e1yGGo8ahCw
Test-196,19600,4195,2,DH-00046.jpg,http://www.screencast.com/t/e1yGGo8ahCw
Test-197,19700,4196,2,DH-00047.jpg,http://www.screencast.com/t/e1yGGo8ahCw
Test-198,19800,4197,2,DH-00048.jpg,http://www.screencast.com/t/e1yGGo8ahCw
Test-199,19900,4198,2,DH-00049.jpg,http://www.screencast.com/t/e1yGGo8ahCw
Test-200,20000,4199,2,DH-00050.jpg,http://www.screencast.com/t/e1yGGo8ahCw
Test-201,20100,4200,2,DH-00001.jpg,http://www.screencast.com/t/e1yGGo8ahCw
Test-202,20200,4201,2,DH-00002.jpg,http://www.screencast.com/t/e1yGGo8ahCw
Test-203,20300,4202,2,DH-00003.jpg,http://www.screencast.com/t/e1yGGo8ahCw
Test-204,20400,4203,2,DH-00004.jpg,http://www.screencast.com/t/e1yGGo8ahCw
Test-205,20500,4204,2,DH-00005.jpg,http://www.screencast.com/t/e1yGGo8ahCw
Test-206,20600,4205,2,DH-00001.jpg,http://www.screencast.com/t/e1yGGo8ahCw
Test-207,20700,4206,2,DH-00007.jpg,http://www.screencast.com/t/e1yGGo8ahCw
Test-208,20800,4207,2,DH-00008.jpg,http://www.screencast.com/t/e1yGGo8ahCw
Test-209,20900,4208,2,DH-00009.jpg,http://www.screencast.com/t/e1yGGo8ahCw
Test-210,21000,4209,2,DH-00010.jpg,http://www.screencast.com/t/e1yGGo8ahCw
Test-211,21100,4210,2,DH-00011.jpg,http://www.screencast.com/t/e1yGGo8ahCw
Test-212,21200,4211,2,DH-00012.jpg,http://www.screencast.com/t/e1yGGo8ahCw
Test-213,21300,4212,2,DH-00013.jpg,http://www.screencast.com/t/e1yGGo8ahCw
Test-214,21400,4213,2,DH-00014.png,http://www.screencast.com/t/e1yGGo8ahCw
Test-215,21500,4214,2,DH-00015.jpg,http://www.screencast.com/t/e1yGGo8ahCw
Test-216,21600,4215,2,DH-00016.jpg,http://www.screencast.com/t/e1yGGo8ahCw
Test-217,21700,4216,2,DH-00001.jpg,http://www.screencast.com/t/e1yGGo8ahCw
Test-218,21800,4217,2,DH-00018.jpg,http://www.screencast.com/t/e1yGGo8ahCw
Test-219,21900,4218,2,DH-00019.jpg,http://www.screencast.com/t/e1yGGo8ahCw
Test-220,22000,4219,2,DH-00020.jpg,http://www.screencast.com/t/e1yGGo8ahCw
Test-221,22100,4220,2,DH-00021.jpg,http://www.screencast.com/t/e1yGGo8ahCw
Test-222,22200,4221,2,DH-00022.jpg,http://www.screencast.com/t/e1yGGo8ahCw
Test-223,22300,4222,2,DH-00023.jpg,http://www.screencast.com/t/e1yGGo8ahCw
Test-224,22400,4223,2,DH-00024.jpg,http://www.screencast.com/t/e1yGGo8ahCw
Test-225,22500,4224,2,DH-00025.jpg,http://www.screencast.com/t/e1yGGo8ahCw
Test-226,22600,4225,2,DH-00026.jpg,http://www.screencast.com/t/e1yGGo8ahCw
Test-227,22700,4226,2,DH-00027.jpg,http://www.screencast.com/t/e1yGGo8ahCw
Test-228,22800,4227,2,DH-00028.jpg,http://www.screencast.com/t/e1yGGo8ahCw
Test-229,22900,4228,2,DH-00029.jpg,http://www.screencast.com/t/e1yGGo8ahCw
Test-230,23000,4229,2,DH-00030.jpg,http://www.screencast.com/t/e1yGGo8ahCw
Test-231,23100,4230,2,DH-00031.jpg,http://www.screencast.com/t/e1yGGo8ahCw
Test-232,23200,4231,2,DH-00032.jpg,http://www.screencast.com/t/e1yGGo8ahCw
Test-233,23300,4232,2,DH-00033.jpg,http://www.screencast.com/t/e1yGGo8ahCw
Test-234,23400,4233,2,DH-00034.jpg,http://www.screencast.com/t/e1yGGo8ahCw
Test-235,23500,4234,2,DH-00035.jpg,http://www.screencast.com/t/e1yGGo8ahCw
Test-236,23600,4235,2,DH-00036.jpg,http://www.screencast.com/t/e1yGGo8ahCw
Test-237,23700,4236,2,DH-00037.jpg,http://www.screencast.com/t/e1yGGo8ahCw
Test-238,23800,4237,2,DH-00038.jpg,http://www.screencast.com/t/e1yGGo8ahCw
Test-239,23900,4238,2,DH-00039.jpg,http://www.screencast.com/t/e1yGGo8ahCw
Test-240,24000,4239,2,DH-00040.jpg,http://www.screencast.com/t/e1yGGo8ahCw
Test-241,24100,4240,2,DH-00041.jpg,http://www.screencast.com/t/e1yGGo8ahCw
Test-242,24200,4241,2,DH-00042.jpg,http://www.screencast.com/t/e1yGGo8ahCw
Test-243,24300,4242,2,DH-00043.jpg,http://www.screencast.com/t/e1yGGo8ahCw
Test-244,24400,4243,2,DH-00044.jpg,http://www.screencast.com/t/e1yGGo8ahCw
Test-245,24500,4244,2,DH-00045.jpg,http://www.screencast.com/t/e1yGGo8ahCw
Test-246,24600,4245,2,DH-00046.jpg,http://www.screencast.com/t/e1yGGo8ahCw
Test-247,24700,4246,2,DH-00047.jpg,http://www.screencast.com/t/e1yGGo8ahCw
Test-248,24800,4247,2,DH-00048.jpg,http://www.screencast.com/t/e1yGGo8ahCw
Test-249,24900,4248,2,DH-00049.jpg,http://www.screencast.com/t/e1yGGo8ahCw
Test-250,25000,4249,2,DH-00050.jpg,http://www.screencast.com/t/e1yGGo8ahCw
Test-251,25100,4250,2,DH-00001.jpg,http://www.screencast.com/t/e1yGGo8ahCw
Test-252,25200,4251,2,DH-00002.jpg,http://www.screencast.com/t/e1yGGo8ahCw
Test-253,25300,4252,2,DH-00003.jpg,http://www.screencast.com/t/e1yGGo8ahCw
Test-254,25400,4253,2,DH-00004.jpg,http://www.screencast.com/t/e1yGGo8ahCw
Test-255,25500,4254,2,DH-00005.jpg,http://www.screencast.com/t/e1yGGo8ahCw
Test-256,25600,4255,2,DH-00001.jpg,http://www.screencast.com/t/e1yGGo8ahCw
Test-257,25700,4256,2,DH-00007.jpg,http://www.screencast.com/t/e1yGGo8ahCw
Test-258,25800,4257,2,DH-00008.jpg,http://www.screencast.com/t/e1yGGo8ahCw
Test-259,25900,4258,2,DH-00009.jpg,http://www.screencast.com/t/e1yGGo8ahCw
Test-260,26000,4259,2,DH-00010.jpg,http://www.screencast.com/t/e1yGGo8ahCw
Test-261,26100,4260,2,DH-00011.jpg,http://www.screencast.com/t/e1yGGo8ahCw
Test-262,26200,4261,2,DH-00012.jpg,http://www.screencast.com/t/e1yGGo8ahCw
Test-263,26300,4262,2,DH-00013.jpg,http://www.screencast.com/t/e1yGGo8ahCw
Test-264,26400,4263,2,DH-00014.png,http://www.screencast.com/t/e1yGGo8ahCw
Test-265,26500,4264,2,DH-00015.jpg,http://www.screencast.com/t/e1yGGo8ahCw
Test-266,26600,4265,2,DH-00016.jpg,http://www.screencast.com/t/e1yGGo8ahCw
Test-267,26700,4266,2,DH-00001.jpg,http://www.screencast.com/t/e1yGGo8ahCw
Test-268,26800,4267,2,DH-00018.jpg,http://www.screencast.com/t/e1yGGo8ahCw
Test-269,26900,4268,2,DH-00019.jpg,http://www.screencast.com/t/e1yGGo8ahCw
Test-270,27000,4269,2,DH-00020.jpg,http://www.screencast.com/t/e1yGGo8ahCw
Test-271,27100,4270,2,DH-00021.jpg,http://www.screencast.com/t/e1yGGo8ahCw
Test-272,27200,4271,2,DH-00022.jpg,http://www.screencast.com/t/e1yGGo8ahCw
Test-273,27300,4272,2,DH-00023.jpg,http://www.screencast.com/t/e1yGGo8ahCw
Test-274,27400,4273,2,DH-00024.jpg,http://www.screencast.com/t/e1yGGo8ahCw
Test-275,27500,4274,2,DH-00025.jpg,http://www.screencast.com/t/e1yGGo8ahCw
Test-276,27600,4275,2,DH-00026.jpg,http://www.screencast.com/t/e1yGGo8ahCw
Test-277,27700,4276,2,DH-00027.jpg,http://www.screencast.com/t/e1yGGo8ahCw
Test-278,27800,4277,2,DH-00028.jpg,http://www.screencast.com/t/e1yGGo8ahCw
Test-279,27900,4278,2,DH-00029.jpg,http://www.screencast.com/t/e1yGGo8ahCw
Test-280,28000,4279,2,DH-00030.jpg,http://www.screencast.com/t/e1yGGo8ahCw
Test-281,28100,4280,2,DH-00031.jpg,http://www.screencast.com/t/e1yGGo8ahCw
Test-282,28200,4281,2,DH-00032.jpg,http://www.screencast.com/t/e1yGGo8ahCw
Test-283,28300,4282,2,DH-00033.jpg,http://www.screencast.com/t/e1yGGo8ahCw
Test-284,28400,4283,2,DH-00034.jpg,http://www.screencast.com/t/e1yGGo8ahCw
Test-285,28500,4284,2,DH-00035.jpg,http://www.screencast.com/t/e1yGGo8ahCw
Test-286,28600,4285,2,DH-00036.jpg,http://www.screencast.com/t/e1yGGo8ahCw
Test-287,28700,4286,2,DH-00037.jpg,http://www.screencast.com/t/e1yGGo8ahCw
Test-288,28800,4287,2,DH-00038.jpg,http://www.screencast.com/t/e1yGGo8ahCw
Test-289,28900,4288,2,DH-00039.jpg,http://www.screencast.com/t/e1yGGo8ahCw
Test-290,29000,4289,2,DH-00040.jpg,http://www.screencast.com/t/e1yGGo8ahCw
Test-291,29100,4290,2,DH-00041.jpg,http://www.screencast.com/t/e1yGGo8ahCw
Test-292,29200,4291,2,DH-00042.jpg,http://www.screencast.com/t/e1yGGo8ahCw
Test-293,29300,4292,2,DH-00043.jpg,http://www.screencast.com/t/e1yGGo8ahCw
Test-294,29400,4293,2,DH-00044.jpg,http://www.screencast.com/t/e1yGGo8ahCw
Test-295,29500,4294,2,DH-00045.jpg,http://www.screencast.com/t/e1yGGo8ahCw
Test-296,29600,4295,2,DH-00046.jpg,http://www.screencast.com/t/e1yGGo8ahCw
Test-297,29700,4296,2,DH-00047.jpg,http://www.screencast.com/t/e1yGGo8ahCw
Test-298,29800,4297,2,DH-00048.jpg,http://www.screencast.com/t/e1yGGo8ahCw
Test-299,29900,4298,2,DH-00049.jpg,http://www.screencast.com/t/e1yGGo8ahCw
Test-300,30000,4299,2,DH-00050.jpg,http://www.screencast.com/t/e1yGGo8ahCw
Test-301,30100,4300,2,DH-00001.jpg,http://www.screencast.com/t/e1yGGo8ahCw
Test-302,30200,4301,2,DH-00002.jpg,http://www.screencast.com/t/e1yGGo8ahCw
Test-303,30300,4302,2,DH-00003.jpg,http://www.screencast.com/t/e1yGGo8ahCw
Test-304,30400,4303,2,DH-00004.jpg,http://www.screencast.com/t/e1yGGo8ahCw
Test-305,30500,4304,2,DH-00005.jpg,http://www.screencast.com/t/e1yGGo8ahCw
Test-306,30600,4305,2,DH-00001.jpg,http://www.screencast.com/t/e1yGGo8ahCw
Test-307,30700,4306,2,DH-00007.jpg,http://www.screencast.com/t/e1yGGo8ahCw
Test-308,30800,4307,2,DH-00008.jpg,http://www.screencast.com/t/e1yGGo8ahCw
Test-309,30900,4308,2,DH-00009.jpg,http://www.screencast.com/t/e1yGGo8ahCw
Test-310,31000,4309,2,DH-00010.jpg,http://www.screencast.com/t/e1yGGo8ahCw
Test-311,31100,4310,2,DH-00011.jpg,http://www.screencast.com/t/e1yGGo8ahCw
Test-312,31200,4311,2,DH-00012.jpg,http://www.screencast.com/t/e1yGGo8ahCw
Test-313,31300,4312,2,DH-00013.jpg,http://www.screencast.com/t/e1yGGo8ahCw
Test-314,31400,4313,2,DH-00014.png,http://www.screencast.com/t/e1yGGo8ahCw
Test-315,31500,4314,2,DH-00015.jpg,http://www.screencast.com/t/e1yGGo8ahCw
Test-316,31600,4315,2,DH-00016.jpg,http://www.screencast.com/t/e1yGGo8ahCw
Test-317,31700,4316,2,DH-00001.jpg,http://www.screencast.com/t/e1yGGo8ahCw
Test-318,31800,4317,2,DH-00018.jpg,http://www.screencast.com/t/e1yGGo8ahCw
Test-319,31900,4318,2,DH-00019.jpg,http://www.screencast.com/t/e1yGGo8ahCw
Test-320,32000,4319,2,DH-00020.jpg,http://www.screencast.com/t/e1yGGo8ahCw
Test-321,32100,4320,2,DH-00021.jpg,http://www.screencast.com/t/e1yGGo8ahCw
Test-322,32200,4321,2,DH-00022.jpg,http://www.screencast.com/t/e1yGGo8ahCw
Test-323,32300,4322,2,DH-00023.jpg,http://www.screencast.com/t/e1yGGo8ahCw
Test-324,32400,4323,2,DH-00024.jpg,http://www.screencast.com/t/e1yGGo8ahCw
Test-325,32500,4324,2,DH-00025.jpg,http://www.screencast.com/t/e1yGGo8ahCw
Test-326,32600,4325,2,DH-00026.jpg,http://www.screencast.com/t/e1yGGo8ahCw
Test-327,32700,4326,2,DH-00027.jpg,http://www.screencast.com/t/e1yGGo8ahCw
Test-328,32800,4327,2,DH-00028.jpg,http://www.screencast.com/t/e1yGGo8ahCw
Test-329,32900,4328,2,DH-00029.jpg,http://www.screencast.com/t/e1yGGo8ahCw
Test-330,33000,4329,2,DH-00030.jpg,http://www.screencast.com/t/e1yGGo8ahCw
Test-331,33100,4330,2,DH-00031.jpg,http://www.screencast.com/t/e1yGGo8ahCw
Test-332,33200,4331,2,DH-00032.jpg,http://www.screencast.com/t/e1yGGo8ahCw
Test-333,33300,4332,2,DH-00033.jpg,http://www.screencast.com/t/e1yGGo8ahCw
Test-334,33400,4333,2,DH-00034.jpg,http://www.screencast.com/t/e1yGGo8ahCw
Test-335,33500,4334,2,DH-00035.jpg,http://www.screencast.com/t/e1yGGo8ahCw
Test-336,33600,4335,2,DH-00036.jpg,http://www.screencast.com/t/e1yGGo8ahCw
Test-337,33700,4336,2,DH-00037.jpg,http://www.screencast.com/t/e1yGGo8ahCw
Test-338,33800,4337,2,DH-00038.jpg,http://www.screencast.com/t/e1yGGo8ahCw
Test-339,33900,4338,2,DH-00039.jpg,http://www.screencast.com/t/e1yGGo8ahCw
Test-340,34000,4339,2,DH-00040.jpg,http://www.screencast.com/t/e1yGGo8ahCw
Test-341,34100,4340,2,DH-00041.jpg,http://www.screencast.com/t/e1yGGo8ahCw
Test-342,34200,4341,2,DH-00042.jpg,http://www.screencast.com/t/e1yGGo8ahCw
Test-343,34300,4342,2,DH-00043.jpg,http://www.screencast.com/t/e1yGGo8ahCw
Test-344,34400,4343,2,DH-00044.jpg,http://www.screencast.com/t/e1yGGo8ahCw
Test-345,34500,4344,2,DH-00045.jpg,http://www.screencast.com/t/e1yGGo8ahCw
Test-346,34600,4345,2,DH-00046.jpg,http://www.screencast.com/t/e1yGGo8ahCw
Test-347,34700,4346,2,DH-00047.jpg,http://www.screencast.com/t/e1yGGo8ahCw
Test-348,34800,4347,2,DH-00048.jpg,http://www.screencast.com/t/e1yGGo8ahCw
Test-349,34900,4348,2,DH-00049.jpg,http://www.screencast.com/t/e1yGGo8ahCw
Test-350,35000,4349,2,DH-00050.jpg,http://www.screencast.com/t/e1yGGo8ahCw
Test-351,35100,4350,2,DH-00001.jpg,http://www.screencast.com/t/e1yGGo8ahCw
Test-352,35200,4351,2,DH-00002.jpg,http://www.screencast.com/t/e1yGGo8ahCw
Test-353,35300,4352,2,DH-00003.jpg,http://www.screencast.com/t/e1yGGo8ahCw
Test-354,35400,4353,2,DH-00004.jpg,http://www.screencast.com/t/e1yGGo8ahCw
Test-355,35500,4354,2,DH-00005.jpg,http://www.screencast.com/t/e1yGGo8ahCw
Test-356,35600,4355,2,DH-00001.jpg,http://www.screencast.com/t/e1yGGo8ahCw
Test-357,35700,4356,2,DH-00007.jpg,http://www.screencast.com/t/e1yGGo8ahCw
Test-358,35800,4357,2,DH-00008.jpg,http://www.screencast.com/t/e1yGGo8ahCw
Test-359,35900,4358,2,DH-00009.jpg,http://www.screencast.com/t/e1yGGo8ahCw
Test-360,36000,4359,2,DH-00010.jpg,http://www.screencast.com/t/e1yGGo8ahCw
Test-361,36100,4360,2,DH-00011.jpg,http://www.screencast.com/t/e1yGGo8ahCw
Test-362,36200,4361,2,DH-00012.jpg,http://www.screencast.com/t/e1yGGo8ahCw
Test-363,36300,4362,2,DH-00013.jpg,http://www.screencast.com/t/e1yGGo8ahCw
Test-364,36400,4363,2,DH-00014.png,http://www.screencast.com/t/e1yGGo8ahCw
Test-365,36500,4364,2,DH-00015.jpg,http://www.screencast.com/t/e1yGGo8ahCw
Test-366,36600,4365,2,DH-00016.jpg,http://www.screencast.com/t/e1yGGo8ahCw
Test-367,36700,4366,2,DH-00001.jpg,http://www.screencast.com/t/e1yGGo8ahCw
Test-368,36800,4367,2,DH-00018.jpg,http://www.screencast.com/t/e1yGGo8ahCw
Test-369,36900,4368,2,DH-00019.jpg,http://www.screencast.com/t/e1yGGo8ahCw
Test-370,37000,4369,2,DH-00020.jpg,http://www.screencast.com/t/e1yGGo8ahCw
Test-371,37100,4370,2,DH-00021.jpg,http://www.screencast.com/t/e1yGGo8ahCw
Test-372,37200,4371,2,DH-00022.jpg,http://www.screencast.com/t/e1yGGo8ahCw
Test-373,37300,4372,2,DH-00023.jpg,http://www.screencast.com/t/e1yGGo8ahCw
Test-374,37400,4373,2,DH-00024.jpg,http://www.screencast.com/t/e1yGGo8ahCw
Test-375,37500,4374,2,DH-00025.jpg,http://www.screencast.com/t/e1yGGo8ahCw
Test-376,37600,4375,2,DH-00026.jpg,http://www.screencast.com/t/e1yGGo8ahCw
Test-377,37700,4376,2,DH-00027.jpg,http://www.screencast.com/t/e1yGGo8ahCw
Test-378,37800,4377,2,DH-00028.jpg,http://www.screencast.com/t/e1yGGo8ahCw
Test-379,37900,4378,2,DH-00029.jpg,http://www.screencast.com/t/e1yGGo8ahCw
Test-380,38000,4379,2,DH-00030.jpg,http://www.screencast.com/t/e1yGGo8ahCw
Test-381,38100,4380,2,DH-00031.jpg,http://www.screencast.com/t/e1yGGo8ahCw
Test-382,38200,4381,2,DH-00032.jpg,http://www.screencast.com/t/e1yGGo8ahCw
Test-383,38300,4382,2,DH-00033.jpg,http://www.screencast.com/t/e1yGGo8ahCw
Test-384,38400,4383,2,DH-00034.jpg,http://www.screencast.com/t/e1yGGo8ahCw
Test-385,38500,4384,2,DH-00035.jpg,http://www.screencast.com/t/e1yGGo8ahCw
Test-386,38600,4385,2,DH-00036.jpg,http://www.screencast.com/t/e1yGGo8ahCw
Test-387,38700,4386,2,DH-00037.jpg,http://www.screencast.com/t/e1yGGo8ahCw
Test-388,38800,4387,2,DH-00038.jpg,http://www.screencast.com/t/e1yGGo8ahCw
Test-389,38900,4388,2,DH-00039.jpg,http://www.screencast.com/t/e1yGGo8ahCw
Test-390,39000,4389,2,DH-00040.jpg,http://www.screencast.com/t/e1yGGo8ahCw
Test-391,39100,4390,2,DH-00041.jpg,http://www.screencast.com/t/e1yGGo8ahCw
Test-392,39200,4391,2,DH-00042.jpg,http://www.screencast.com/t/e1yGGo8ahCw
Test-393,39300,4392,2,DH-00043.jpg,http://www.screencast.com/t/e1yGGo8ahCw
Test-394,39400,4393,2,DH-00044.jpg,http://www.screencast.com/t/e1yGGo8ahCw
Test-395,39500,4394,2,DH-00045.jpg,http://www.screencast.com/t/e1yGGo8ahCw
Test-396,39600,4395,2,DH-00046.jpg,http://www.screencast.com/t/e1yGGo8ahCw
Test-397,39700,4396,2,DH-00047.jpg,http://www.screencast.com/t/e1yGGo8ahCw
Test-398,39800,4397,2,DH-00048.jpg,http://www.screencast.com/t/e1yGGo8ahCw
Test-399,39900,4398,2,DH-00049.jpg,http://www.screencast.com/t/e1yGGo8ahCw
Test-400,40000,4399,2,DH-00050.jpg,http://www.screencast.com/t/e1yGGo8ahCw
Test-401,40100,4400,2,DH-00001.jpg,http://www.screencast.com/t/e1yGGo8ahCw
Test-402,40200,4401,2,DH-00002.jpg,http://www.screencast.com/t/e1yGGo8ahCw
Test-403,40300,4402,2,DH-00003.jpg,http://www.screencast.com/t/e1yGGo8ahCw
Test-404,40400,4403,2,DH-00004.jpg,http://www.screencast.com/t/e1yGGo8ahCw
Test-405,40500,4404,2,DH-00005.jpg,http://www.screencast.com/t/e1yGGo8ahCw
Test-406,40600,4405,2,DH-00001.jpg,http://www.screencast.com/t/e1yGGo8ahCw
Test-407,40700,4406,2,DH-00007.jpg,http://www.screencast.com/t/e1yGGo8ahCw
Test-408,40800,4407,2,DH-00008.jpg,http://www.screencast.com/t/e1yGGo8ahCw
Test-409,40900,4408,2,DH-00009.jpg,http://www.screencast.com/t/e1yGGo8ahCw
Test-410,41000,4409,2,DH-00010.jpg,http://www.screencast.com/t/e1yGGo8ahCw
Test-411,41100,4410,2,DH-00011.jpg,http://www.screencast.com/t/e1yGGo8ahCw
Test-412,41200,4411,2,DH-00012.jpg,http://www.screencast.com/t/e1yGGo8ahCw
Test-413,41300,4412,2,DH-00013.jpg,http://www.screencast.com/t/e1yGGo8ahCw
Test-414,41400,4413,2,DH-00014.png,http://www.screencast.com/t/e1yGGo8ahCw
Test-415,41500,4414,2,DH-00015.jpg,http://www.screencast.com/t/e1yGGo8ahCw
Test-416,41600,4415,2,DH-00016.jpg,http://www.screencast.com/t/e1yGGo8ahCw
Test-417,41700,4416,2,DH-00001.jpg,http://www.screencast.com/t/e1yGGo8ahCw
Test-418,41800,4417,2,DH-00018.jpg,http://www.screencast.com/t/e1yGGo8ahCw
Test-419,41900,4418,2,DH-00019.jpg,http://www.screencast.com/t/e1yGGo8ahCw
Test-420,42000,4419,2,DH-00020.jpg,http://www.screencast.com/t/e1yGGo8ahCw
Test-421,42100,4420,2,DH-00021.jpg,http://www.screencast.com/t/e1yGGo8ahCw
Test-422,42200,4421,2,DH-00022.jpg,http://www.screencast.com/t/e1yGGo8ahCw
Test-423,42300,4422,2,DH-00023.jpg,http://www.screencast.com/t/e1yGGo8ahCw
Test-424,42400,4423,2,DH-00024.jpg,http://www.screencast.com/t/e1yGGo8ahCw
Test-425,42500,4424,2,DH-00025.jpg,http://www.screencast.com/t/e1yGGo8ahCw
Test-426,42600,4425,2,DH-00026.jpg,http://www.screencast.com/t/e1yGGo8ahCw
Test-427,42700,4426,2,DH-00027.jpg,http://www.screencast.com/t/e1yGGo8ahCw
Test-428,42800,4427,2,DH-00028.jpg,http://www.screencast.com/t/e1yGGo8ahCw
Test-429,42900,4428,2,DH-00029.jpg,http://www.screencast.com/t/e1yGGo8ahCw
Test-430,43000,4429,2,DH-00030.jpg,http://www.screencast.com/t/e1yGGo8ahCw
Test-431,43100,4430,2,DH-00031.jpg,http://www.screencast.com/t/e1yGGo8ahCw
Test-432,43200,4431,2,DH-00032.jpg,http://www.screencast.com/t/e1yGGo8ahCw
Test-433,43300,4432,2,DH-00033.jpg,http://www.screencast.com/t/e1yGGo8ahCw
Test-434,43400,4433,2,DH-00034.jpg,http://www.screencast.com/t/e1yGGo8ahCw
Test-435,43500,4434,2,DH-00035.jpg,http://www.screencast.com/t/e1yGGo8ahCw
Test-436,43600,4435,2,DH-00036.jpg,http://www.screencast.com/t/e1yGGo8ahCw
Test-437,43700,4436,2,DH-00037.jpg,http://www.screencast.com/t/e1yGGo8ahCw
Test-438,43800,4437,2,DH-00038.jpg,http://www.screencast.com/t/e1yGGo8ahCw
Test-439,43900,4438,2,DH-00039.jpg,http://www.screencast.com/t/e1yGGo8ahCw
Test-440,44000,4439,2,DH-00040.jpg,http://www.screencast.com/t/e1yGGo8ahCw
Test-441,44100,4440,2,DH-00041.jpg,http://www.screencast.com/t/e1yGGo8ahCw
Test-442,44200,4441,2,DH-00042.jpg,http://www.screencast.com/t/e1yGGo8ahCw
Test-443,44300,4442,2,DH-00043.jpg,http://www.screencast.com/t/e1yGGo8ahCw
Test-444,44400,4443,2,DH-00044.jpg,http://www.screencast.com/t/e1yGGo8ahCw
Test-445,44500,4444,2,DH-00045.jpg,http://www.screencast.com/t/e1yGGo8ahCw
Test-446,44600,4445,2,DH-00046.jpg,http://www.screencast.com/t/e1yGGo8ahCw
Test-447,44700,4446,2,DH-00047.jpg,http://www.screencast.com/t/e1yGGo8ahCw
Test-448,44800,4447,2,DH-00048.jpg,http://www.screencast.com/t/e1yGGo8ahCw
Test-449,44900,4448,2,DH-00049.jpg,http://www.screencast.com/t/e1yGGo8ahCw
Test-450,45000,4449,2,DH-00050.jpg,http://www.screencast.com/t/e1yGGo8ahCw
Test-451,45100,4450,2,DH-00001.jpg,http://www.screencast.com/t/e1yGGo8ahCw
Test-452,45200,4451,2,DH-00002.jpg,http://www.screencast.com/t/e1yGGo8ahCw
Test-453,45300,4452,2,DH-00003.jpg,http://www.screencast.com/t/e1yGGo8ahCw
Test-454,45400,4453,2,DH-00004.jpg,http://www.screencast.com/t/e1yGGo8ahCw
Test-455,45500,4454,2,DH-00005.jpg,http://www.screencast.com/t/e1yGGo8ahCw
Test-456,45600,4455,2,DH-00001.jpg,http://www.screencast.com/t/e1yGGo8ahCw
Test-457,45700,4456,2,DH-00007.jpg,http://www.screencast.com/t/e1yGGo8ahCw
Test-458,45800,4457,2,DH-00008.jpg,http://www.screencast.com/t/e1yGGo8ahCw
Test-459,45900,4458,2,DH-00009.jpg,http://www.screencast.com/t/e1yGGo8ahCw
Test-460,46000,4459,2,DH-00010.jpg,http://www.screencast.com/t/e1yGGo8ahCw
Test-461,46100,4460,2,DH-00011.jpg,http://www.screencast.com/t/e1yGGo8ahCw
Test-462,46200,4461,2,DH-00012.jpg,http://www.screencast.com/t/e1yGGo8ahCw
Test-463,46300,4462,2,DH-00013.jpg,http://www.screencast.com/t/e1yGGo8ahCw
Test-464,46400,4463,2,DH-00014.png,http://www.screencast.com/t/e1yGGo8ahCw
Test-465,46500,4464,2,DH-00015.jpg,http://www.screencast.com/t/e1yGGo8ahCw
Test-466,46600,4465,2,DH-00016.jpg,http://www.screencast.com/t/e1yGGo8ahCw
Test-467,46700,4466,2,DH-00001.jpg,http://www.screencast.com/t/e1yGGo8ahCw
Test-468,46800,4467,2,DH-00018.jpg,http://www.screencast.com/t/e1yGGo8ahCw
Test-469,46900,4468,2,DH-00019.jpg,http://www.screencast.com/t/e1yGGo8ahCw
Test-470,47000,4469,2,DH-00020.jpg,http://www.screencast.com/t/e1yGGo8ahCw
Test-471,47100,4470,2,DH-00021.jpg,http://www.screencast.com/t/e1yGGo8ahCw
Test-472,47200,4471,2,DH-00022.jpg,http://www.screencast.com/t/e1yGGo8ahCw
Test-473,47300,4472,2,DH-00023.jpg,http://www.screencast.com/t/e1yGGo8ahCw
Test-474,47400,4473,2,DH-00024.jpg,http://www.screencast.com/t/e1yGGo8ahCw
Test-475,47500,4474,2,DH-00025.jpg,http://www.screencast.com/t/e1yGGo8ahCw
Test-476,47600,4475,2,DH-00026.jpg,http://www.screencast.com/t/e1yGGo8ahCw
Test-477,47700,4476,2,DH-00027.jpg,http://www.screencast.com/t/e1yGGo8ahCw
Test-478,47800,4477,2,DH-00028.jpg,http://www.screencast.com/t/e1yGGo8ahCw
Test-479,47900,4478,2,DH-00029.jpg,http://www.screencast.com/t/e1yGGo8ahCw
Test-480,48000,4479,2,DH-00030.jpg,http://www.screencast.com/t/e1yGGo8ahCw
Test-481,48100,4480,2,DH-00031.jpg,http://www.screencast.com/t/e1yGGo8ahCw
Test-482,48200,4481,2,DH-00032.jpg,http://www.screencast.com/t/e1yGGo8ahCw
Test-483,48300,4482,2,DH-00033.jpg,http://www.screencast.com/t/e1yGGo8ahCw
Test-484,48400,4483,2,DH-00034.jpg,http://www.screencast.com/t/e1yGGo8ahCw
Test-485,48500,4484,2,DH-00035.jpg,http://www.screencast.com/t/e1yGGo8ahCw
Test-486,48600,4485,2,DH-00036.jpg,http://www.screencast.com/t/e1yGGo8ahCw
Test-487,48700,4486,2,DH-00037.jpg,http://www.screencast.com/t/e1yGGo8ahCw
Test-488,48800,4487,2,DH-00038.jpg,http://www.screencast.com/t/e1yGGo8ahCw
Test-489,48900,4488,2,DH-00039.jpg,http://www.screencast.com/t/e1yGGo8ahCw
Test-490,49000,4489,2,DH-00040.jpg,http://www.screencast.com/t/e1yGGo8ahCw
Test-491,49100,4490,2,DH-00041.jpg,http://www.screencast.com/t/e1yGGo8ahCw
Test-492,49200,4491,2,DH-00042.jpg,http://www.screencast.com/t/e1yGGo8ahCw
Test-493,49300,4492,2,DH-00043.jpg,http://www.screencast.com/t/e1yGGo8ahCw
Test-494,49400,4493,2,DH-00044.jpg,http://www.screencast.com/t/e1yGGo8ahCw
Test-495,49500,4494,2,DH-00045.jpg,http://www.screencast.com/t/e1yGGo8ahCw
Test-496,49600,4495,2,DH-00046.jpg,http://www.screencast.com/t/e1yGGo8ahCw
Test-497,49700,4496,2,DH-00047.jpg,http://www.screencast.com/t/e1yGGo8ahCw
Test-498,49800,4497,2,DH-00048.jpg,http://www.screencast.com/t/e1yGGo8ahCw
Test-499,49900,4498,2,DH-00049.jpg,http://www.screencast.com/t/e1yGGo8ahCw
Test-500,50000,4499,2,DH-00050.jpg,http://www.screencast.com/t/e1yGGo8ahCw
Test-501,50100,4500,2,DH-00001.jpg,http://www.screencast.com/t/e1yGGo8ahCw
Test-502,50200,4501,2,DH-00002.jpg,http://www.screencast.com/t/e1yGGo8ahCw
Test-503,50300,4502,2,DH-00003.jpg,http://www.screencast.com/t/e1yGGo8ahCw
Test-504,50400,4503,2,DH-00004.jpg,http://www.screencast.com/t/e1yGGo8ahCw
Test-505,50500,4504,2,DH-00005.jpg,http://www.screencast.com/t/e1yGGo8ahCw
Test-506,50600,4505,2,DH-00001.jpg,http://www.screencast.com/t/e1yGGo8ahCw
Test-507,50700,4506,2,DH-00007.jpg,http://www.screencast.com/t/e1yGGo8ahCw
Test-508,50800,4507,2,DH-00008.jpg,http://www.screencast.com/t/e1yGGo8ahCw
Test-509,50900,4508,2,DH-00009.jpg,http://www.screencast.com/t/e1yGGo8ahCw
Test-510,51000,4509,2,DH-00010.jpg,http://www.screencast.com/t/e1yGGo8ahCw
Test-511,51100,4510,2,DH-00011.jpg,http://www.screencast.com/t/e1yGGo8ahCw
Test-512,51200,4511,2,DH-00012.jpg,http://www.screencast.com/t/e1yGGo8ahCw
Test-513,51300,4512,2,DH-00013.jpg,http://www.screencast.com/t/e1yGGo8ahCw
Test-514,51400,4513,2,DH-00014.png,http://www.screencast.com/t/e1yGGo8ahCw
Test-515,51500,4514,2,DH-00015.jpg,http://www.screencast.com/t/e1yGGo8ahCw
Test-516,51600,4515,2,DH-00016.jpg,http://www.screencast.com/t/e1yGGo8ahCw
Test-517,51700,4516,2,DH-00001.jpg,http://www.screencast.com/t/e1yGGo8ahCw
Test-518,51800,4517,2,DH-00018.jpg,http://www.screencast.com/t/e1yGGo8ahCw
Test-519,51900,4518,2,DH-00019.jpg,http://www.screencast.com/t/e1yGGo8ahCw
Test-520,52000,4519,2,DH-00020.jpg,http://www.screencast.com/t/e1yGGo8ahCw
Test-521,52100,4520,2,DH-00021.jpg,http://www.screencast.com/t/e1yGGo8ahCw
Test-522,52200,4521,2,DH-00022.jpg,http://www.screencast.com/t/e1yGGo8ahCw
Test-523,52300,4522,2,DH-00023.jpg,http://www.screencast.com/t/e1yGGo8ahCw
Test-524,52400,4523,2,DH-00024.jpg,http://www.screencast.com/t/e1yGGo8ahCw
Test-525,52500,4524,2,DH-00025.jpg,http://www.screencast.com/t/e1yGGo8ahCw
Test-526,52600,4525,2,DH-00026.jpg,http://www.screencast.com/t/e1yGGo8ahCw
Test-527,52700,4526,2,DH-00027.jpg,http://www.screencast.com/t/e1yGGo8ahCw
Test-528,52800,4527,2,DH-00028.jpg,http://www.screencast.com/t/e1yGGo8ahCw
Test-529,52900,4528,2,DH-00029.jpg,http://www.screencast.com/t/e1yGGo8ahCw
Test-530,53000,4529,2,DH-00030.jpg,http://www.screencast.com/t/e1yGGo8ahCw
Test-531,53100,4530,2,DH-00031.jpg,http://www.screencast.com/t/e1yGGo8ahCw
Test-532,53200,4531,2,DH-00032.jpg,http://www.screencast.com/t/e1yGGo8ahCw
Test-533,53300,4532,2,DH-00033.jpg,http://www.screencast.com/t/e1yGGo8ahCw
Test-534,53400,4533,2,DH-00034.jpg,http://www.screencast.com/t/e1yGGo8ahCw
Test-535,53500,4534,2,DH-00035.jpg,http://www.screencast.com/t/e1yGGo8ahCw
Test-536,53600,4535,2,DH-00036.jpg,http://www.screencast.com/t/e1yGGo8ahCw
Test-537,53700,4536,2,DH-00037.jpg,http://www.screencast.com/t/e1yGGo8ahCw
Test-538,53800,4537,2,DH-00038.jpg,http://www.screencast.com/t/e1yGGo8ahCw
Test-539,53900,4538,2,DH-00039.jpg,http://www.screencast.com/t/e1yGGo8ahCw
Test-540,54000,4539,2,DH-00040.jpg,http://www.screencast.com/t/e1yGGo8ahCw
Test-541,54100,4540,2,DH-00041.jpg,http://www.screencast.com/t/e1yGGo8ahCw
Test-542,54200,4541,2,DH-00042.jpg,http://www.screencast.com/t/e1yGGo8ahCw
Test-543,54300,4542,2,DH-00043.jpg,http://www.screencast.com/t/e1yGGo8ahCw
Test-544,54400,4543,2,DH-00044.jpg,http://www.screencast.com/t/e1yGGo8ahCw
Test-545,54500,4544,2,DH-00045.jpg,http://www.screencast.com/t/e1yGGo8ahCw
Test-546,54600,4545,2,DH-00046.jpg,http://www.screencast.com/t/e1yGGo8ahCw
Test-547,54700,4546,2,DH-00047.jpg,http://www.screencast.com/t/e1yGGo8ahCw
Test-548,54800,4547,2,DH-00048.jpg,http://www.screencast.com/t/e1yGGo8ahCw
Test-549,54900,4548,2,DH-00049.jpg,http://www.screencast.com/t/e1yGGo8ahCw
Test-550,55000,4549,2,DH-00050.jpg,http://www.screencast.com/t/e1yGGo8ahCw
Test-551,55100,4550,2,DH-00001.jpg,http://www.screencast.com/t/e1yGGo8ahCw
Test-552,55200,4551,2,DH-00002.jpg,http://www.screencast.com/t/e1yGGo8ahCw
Test-553,55300,4552,2,DH-00003.jpg,http://www.screencast.com/t/e1yGGo8ahCw
Test-554,55400,4553,2,DH-00004.jpg,http://www.screencast.com/t/e1yGGo8ahCw
Test-555,55500,4554,2,DH-00005.jpg,http://www.screencast.com/t/e1yGGo8ahCw
Test-556,55600,4555,2,DH-00001.jpg,http://www.screencast.com/t/e1yGGo8ahCw
Test-557,55700,4556,2,DH-00007.jpg,http://www.screencast.com/t/e1yGGo8ahCw
Test-558,55800,4557,2,DH-00008.jpg,http://www.screencast.com/t/e1yGGo8ahCw
Test-559,55900,4558,2,DH-00009.jpg,http://www.screencast.com/t/e1yGGo8ahCw
Test-560,56000,4559,2,DH-00010.jpg,http://www.screencast.com/t/e1yGGo8ahCw
Test-561,56100,4560,2,DH-00011.jpg,http://www.screencast.com/t/e1yGGo8ahCw
Test-562,56200,4561,2,DH-00012.jpg,http://www.screencast.com/t/e1yGGo8ahCw
Test-563,56300,4562,2,DH-00013.jpg,http://www.screencast.com/t/e1yGGo8ahCw
Test-564,56400,4563,2,DH-00014.png,http://www.screencast.com/t/e1yGGo8ahCw
Test-565,56500,4564,2,DH-00015.jpg,http://www.screencast.com/t/e1yGGo8ahCw
Test-566,56600,4565,2,DH-00016.jpg,http://www.screencast.com/t/e1yGGo8ahCw
Test-567,56700,4566,2,DH-00001.jpg,http://www.screencast.com/t/e1yGGo8ahCw
Test-568,56800,4567,2,DH-00018.jpg,http://www.screencast.com/t/e1yGGo8ahCw
Test-569,56900,4568,2,DH-00019.jpg,http://www.screencast.com/t/e1yGGo8ahCw
Test-570,57000,4569,2,DH-00020.jpg,http://www.screencast.com/t/e1yGGo8ahCw
Test-571,57100,4570,2,DH-00021.jpg,http://www.screencast.com/t/e1yGGo8ahCw
Test-572,57200,4571,2,DH-00022.jpg,http://www.screencast.com/t/e1yGGo8ahCw
Test-573,57300,4572,2,DH-00023.jpg,http://www.screencast.com/t/e1yGGo8ahCw
Test-574,57400,4573,2,DH-00024.jpg,http://www.screencast.com/t/e1yGGo8ahCw
Test-575,57500,4574,2,DH-00025.jpg,http://www.screencast.com/t/e1yGGo8ahCw
Test-576,57600,4575,2,DH-00026.jpg,http://www.screencast.com/t/e1yGGo8ahCw
Test-577,57700,4576,2,DH-00027.jpg,http://www.screencast.com/t/e1yGGo8ahCw
Test-578,57800,4577,2,DH-00028.jpg,http://www.screencast.com/t/e1yGGo8ahCw
Test-579,57900,4578,2,DH-00029.jpg,http://www.screencast.com/t/e1yGGo8ahCw
Test-580,58000,4579,2,DH-00030.jpg,http://www.screencast.com/t/e1yGGo8ahCw
Test-581,58100,4580,2,DH-00031.jpg,http://www.screencast.com/t/e1yGGo8ahCw
Test-582,58200,4581,2,DH-00032.jpg,http://www.screencast.com/t/e1yGGo8ahCw
Test-583,58300,4582,2,DH-00033.jpg,http://www.screencast.com/t/e1yGGo8ahCw
Test-584,58400,4583,2,DH-00034.jpg,http://www.screencast.com/t/e1yGGo8ahCw
Test-585,58500,4584,2,DH-00035.jpg,http://www.screencast.com/t/e1yGGo8ahCw
Test-586,58600,4585,2,DH-00036.jpg,http://www.screencast.com/t/e1yGGo8ahCw
Test-587,58700,4586,2,DH-00037.jpg,http://www.screencast.com/t/e1yGGo8ahCw
Test-588,58800,4587,2,DH-00038.jpg,http://www.screencast.com/t/e1yGGo8ahCw
Test-589,58900,4588,2,DH-00039.jpg,http://www.screencast.com/t/e1yGGo8ahCw
Test-590,59000,4589,2,DH-00040.jpg,http://www.screencast.com/t/e1yGGo8ahCw
Test-591,59100,4590,2,DH-00041.jpg,http://www.screencast.com/t/e1yGGo8ahCw
Test-592,59200,4591,2,DH-00042.jpg,http://www.screencast.com/t/e1yGGo8ahCw
Test-593,59300,4592,2,DH-00043.jpg,http://www.screencast.com/t/e1yGGo8ahCw
Test-594,59400,4593,2,DH-00044.jpg,http://www.screencast.com/t/e1yGGo8ahCw
Test-595,59500,4594,2,DH-00045.jpg,http://www.screencast.com/t/e1yGGo8ahCw
Test-596,59600,4595,2,DH-00046.jpg,http://www.screencast.com/t/e1yGGo8ahCw
Test-597,59700,4596,2,DH-00047.jpg,http://www.screencast.com/t/e1yGGo8ahCw
Test-598,59800,4597,2,DH-00048.jpg,http://www.screencast.com/t/e1yGGo8ahCw
Test-599,59900,4598,2,DH-00049.jpg,http://www.screencast.com/t/e1yGGo8ahCw
Test-600,60000,4599,2,DH-00050.jpg,http://www.screencast.com/t/e1yGGo8ahCw
Test-601,60100,4600,2,DH-00001.jpg,http://www.screencast.com/t/e1yGGo8ahCw
Test-602,60200,4601,2,DH-00002.jpg,http://www.screencast.com/t/e1yGGo8ahCw
Test-603,60300,4602,2,DH-00003.jpg,http://www.screencast.com/t/e1yGGo8ahCw
Test-604,60400,4603,2,DH-00004.jpg,http://www.screencast.com/t/e1yGGo8ahCw
Test-605,60500,4604,2,DH-00005.jpg,http://www.screencast.com/t/e1yGGo8ahCw
Test-606,60600,4605,2,DH-00001.jpg,http://www.screencast.com/t/e1yGGo8ahCw
Test-607,60700,4606,2,DH-00007.jpg,http://www.screencast.com/t/e1yGGo8ahCw
Test-608,60800,4607,2,DH-00008.jpg,http://www.screencast.com/t/e1yGGo8ahCw
Test-609,60900,4608,2,DH-00009.jpg,http://www.screencast.com/t/e1yGGo8ahCw
Test-610,61000,4609,2,DH-00010.jpg,http://www.screencast.com/t/e1yGGo8ahCw
Test-611,61100,4610,2,DH-00011.jpg,http://www.screencast.com/t/e1yGGo8ahCw
Test-612,61200,4611,2,DH-00012.jpg,http://www.screencast.com/t/e1yGGo8ahCw
Test-613,61300,4612,2,DH-00013.jpg,http://www.screencast.com/t/e1yGGo8ahCw
Test-614,61400,4613,2,DH-00014.png,http://www.screencast.com/t/e1yGGo8ahCw
Test-615,61500,4614,2,DH-00015.jpg,http://www.screencast.com/t/e1yGGo8ahCw
Test-616,61600,4615,2,DH-00016.jpg,http://www.screencast.com/t/e1yGGo8ahCw
Test-617,61700,4616,2,DH-00001.jpg,http://www.screencast.com/t/e1yGGo8ahCw
Test-618,61800,4617,2,DH-00018.jpg,http://www.screencast.com/t/e1yGGo8ahCw
Test-619,61900,4618,2,DH-00019.jpg,http://www.screencast.com/t/e1yGGo8ahCw
Test-620,62000,4619,2,DH-00020.jpg,http://www.screencast.com/t/e1yGGo8ahCw
Test-621,62100,4620,2,DH-00021.jpg,http://www.screencast.com/t/e1yGGo8ahCw
Test-622,62200,4621,2,DH-00022.jpg,http://www.screencast.com/t/e1yGGo8ahCw
Test-623,62300,4622,2,DH-00023.jpg,http://www.screencast.com/t/e1yGGo8ahCw
Test-624,62400,4623,2,DH-00024.jpg,http://www.screencast.com/t/e1yGGo8ahCw
Test-625,62500,4624,2,DH-00025.jpg,http://www.screencast.com/t/e1yGGo8ahCw
Test-626,62600,4625,2,DH-00026.jpg,http://www.screencast.com/t/e1yGGo8ahCw
Test-627,62700,4626,2,DH-00027.jpg,http://www.screencast.com/t/e1yGGo8ahCw
Test-628,62800,4627,2,DH-00028.jpg,http://www.screencast.com/t/e1yGGo8ahCw
Test-629,62900,4628,2,DH-00029.jpg,http://www.screencast.com/t/e1yGGo8ahCw
Test-630,63000,4629,2,DH-00030.jpg,http://www.screencast.com/t/e1yGGo8ahCw
Test-631,63100,4630,2,DH-00031.jpg,http://www.screencast.com/t/e1yGGo8ahCw
Test-632,63200,4631,2,DH-00032.jpg,http://www.screencast.com/t/e1yGGo8ahCw
Test-633,63300,4632,2,DH-00033.jpg,http://www.screencast.com/t/e1yGGo8ahCw
Test-634,63400,4633,2,DH-00034.jpg,http://www.screencast.com/t/e1yGGo8ahCw
Test-635,63500,4634,2,DH-00035.jpg,http://www.screencast.com/t/e1yGGo8ahCw
Test-636,63600,4635,2,DH-00036.jpg,http://www.screencast.com/t/e1yGGo8ahCw
Test-637,63700,4636,2,DH-00037.jpg,http://www.screencast.com/t/e1yGGo8ahCw
Test-638,63800,4637,2,DH-00038.jpg,http://www.screencast.com/t/e1yGGo8ahCw
Test-639,63900,4638,2,DH-00039.jpg,http://www.screencast.com/t/e1yGGo8ahCw
Test-640,64000,4639,2,DH-00040.jpg,http://www.screencast.com/t/e1yGGo8ahCw
Test-641,64100,4640,2,DH-00041.jpg,http://www.screencast.com/t/e1yGGo8ahCw
Test-642,64200,4641,2,DH-00042.jpg,http://www.screencast.com/t/e1yGGo8ahCw
Test-643,64300,4642,2,DH-00043.jpg,http://www.screencast.com/t/e1yGGo8ahCw
Test-644,64400,4643,2,DH-00044.jpg,http://www.screencast.com/t/e1yGGo8ahCw
Test-645,64500,4644,2,DH-00045.jpg,http://www.screencast.com/t/e1yGGo8ahCw
Test-646,64600,4645,2,DH-00046.jpg,http://www.screencast.com/t/e1yGGo8ahCw
Test-647,64700,4646,2,DH-00047.jpg,http://www.screencast.com/t/e1yGGo8ahCw
Test-648,64800,4647,2,DH-00048.jpg,http://www.screencast.com/t/e1yGGo8ahCw
Test-649,64900,4648,2,DH-00049.jpg,http://www.screencast.com/t/e1yGGo8ahCw
Test-650,65000,4649,2,DH-00050.jpg,http://www.screencast.com/t/e1yGGo8ahCw
Test-651,65100,4650,2,DH-00001.jpg,http://www.screencast.com/t/e1yGGo8ahCw
Test-652,65200,4651,2,DH-00002.jpg,http://www.screencast.com/t/e1yGGo8ahCw
Test-653,65300,4652,2,DH-00003.jpg,http://www.screencast.com/t/e1yGGo8ahCw
Test-654,65400,4653,2,DH-00004.jpg,http://www.screencast.com/t/e1yGGo8ahCw
Test-655,65500,4654,2,DH-00005.jpg,http://www.screencast.com/t/e1yGGo8ahCw
Test-656,65600,4655,2,DH-00001.jpg,http://www.screencast.com/t/e1yGGo8ahCw
Test-657,65700,4656,2,DH-00007.jpg,http://www.screencast.com/t/e1yGGo8ahCw
Test-658,65800,4657,2,DH-00008.jpg,http://www.screencast.com/t/e1yGGo8ahCw
Test-659,65900,4658,2,DH-00009.jpg,http://www.screencast.com/t/e1yGGo8ahCw
Test-660,66000,4659,2,DH-00010.jpg,http://www.screencast.com/t/e1yGGo8ahCw
Test-661,66100,4660,2,DH-00011.jpg,http://www.screencast.com/t/e1yGGo8ahCw
Test-662,66200,4661,2,DH-00012.jpg,http://www.screencast.com/t/e1yGGo8ahCw
Test-663,66300,4662,2,DH-00013.jpg,http://www.screencast.com/t/e1yGGo8ahCw
Test-664,66400,4663,2,DH-00014.png,http://www.screencast.com/t/e1yGGo8ahCw
Test-665,66500,4664,2,DH-00015.jpg,http://www.screencast.com/t/e1yGGo8ahCw
Test-666,66600,4665,2,DH-00016.jpg,http://www.screencast.com/t/e1yGGo8ahCw
Test-667,66700,4666,2,DH-00001.jpg,http://www.screencast.com/t/e1yGGo8ahCw
Test-668,66800,4667,2,DH-00018.jpg,http://www.screencast.com/t/e1yGGo8ahCw
Test-669,66900,4668,2,DH-00019.jpg,http://www.screencast.com/t/e1yGGo8ahCw
Test-670,67000,4669,2,DH-00020.jpg,http://www.screencast.com/t/e1yGGo8ahCw
Test-671,67100,4670,2,DH-00021.jpg,http://www.screencast.com/t/e1yGGo8ahCw
Test-672,67200,4671,2,DH-00022.jpg,http://www.screencast.com/t/e1yGGo8ahCw
Test-673,67300,4672,2,DH-00023.jpg,http://www.screencast.com/t/e1yGGo8ahCw
Test-674,67400,4673,2,DH-00024.jpg,http://www.screencast.com/t/e1yGGo8ahCw
Test-675,67500,4674,2,DH-00025.jpg,http://www.screencast.com/t/e1yGGo8ahCw
Test-676,67600,4675,2,DH-00026.jpg,http://www.screencast.com/t/e1yGGo8ahCw
Test-677,67700,4676,2,DH-00027.jpg,http://www.screencast.com/t/e1yGGo8ahCw
Test-678,67800,4677,2,DH-00028.jpg,http://www.screencast.com/t/e1yGGo8ahCw
Test-679,67900,4678,2,DH-00029.jpg,http://www.screencast.com/t/e1yGGo8ahCw
Test-680,68000,4679,2,DH-00030.jpg,http://www.screencast.com/t/e1yGGo8ahCw
Test-681,68100,4680,2,DH-00031.jpg,http://www.screencast.com/t/e1yGGo8ahCw
Test-682,68200,4681,2,DH-00032.jpg,http://www.screencast.com/t/e1yGGo8ahCw
Test-683,68300,4682,2,DH-00033.jpg,http://www.screencast.com/t/e1yGGo8ahCw
Test-684,68400,4683,2,DH-00034.jpg,http://www.screencast.com/t/e1yGGo8ahCw
Test-685,68500,4684,2,DH-00035.jpg,http://www.screencast.com/t/e1yGGo8ahCw
Test-686,68600,4685,2,DH-00036.jpg,http://www.screencast.com/t/e1yGGo8ahCw
Test-687,68700,4686,2,DH-00037.jpg,http://www.screencast.com/t/e1yGGo8ahCw
Test-688,68800,4687,2,DH-00038.jpg,http://www.screencast.com/t/e1yGGo8ahCw
Test-689,68900,4688,2,DH-00039.jpg,http://www.screencast.com/t/e1yGGo8ahCw
Test-690,69000,4689,2,DH-00040.jpg,http://www.screencast.com/t/e1yGGo8ahCw
Test-691,69100,4690,2,DH-00041.jpg,http://www.screencast.com/t/e1yGGo8ahCw
Test-692,69200,4691,2,DH-00042.jpg,http://www.screencast.com/t/e1yGGo8ahCw
Test-693,69300,4692,2,DH-00043.jpg,http://www.screencast.com/t/e1yGGo8ahCw
Test-694,69400,4693,2,DH-00044.jpg,http://www.screencast.com/t/e1yGGo8ahCw
Test-695,69500,4694,2,DH-00045.jpg,http://www.screencast.com/t/e1yGGo8ahCw
Test-696,69600,4695,2,DH-00046.jpg,http://www.screencast.com/t/e1yGGo8ahCw
Test-697,69700,4696,2,DH-00047.jpg,http://www.screencast.com/t/e1yGGo8ahCw
Test-698,69800,4697,2,DH-00048.jpg,http://www.screencast.com/t/e1yGGo8ahCw
Test-699,69900,4698,2,DH-00049.jpg,http://www.screencast.com/t/e1yGGo8ahCw
Test-700,70000,4699,2,DH-00050.jpg,http://www.screencast.com/t/e1yGGo8ahCw
Test-701,70100,4700,2,DH-00001.jpg,http://www.screencast.com/t/e1yGGo8ahCw
Test-702,70200,4701,2,DH-00002.jpg,http://www.screencast.com/t/e1yGGo8ahCw
Test-703,70300,4702,2,DH-00003.jpg,http://www.screencast.com/t/e1yGGo8ahCw
Test-704,70400,4703,2,DH-00004.jpg,http://www.screencast.com/t/e1yGGo8ahCw
Test-705,70500,4704,2,DH-00005.jpg,http://www.screencast.com/t/e1yGGo8ahCw
Test-706,70600,4705,2,DH-00001.jpg,http://www.screencast.com/t/e1yGGo8ahCw
Test-707,70700,4706,2,DH-00007.jpg,http://www.screencast.com/t/e1yGGo8ahCw
Test-708,70800,4707,2,DH-00008.jpg,http://www.screencast.com/t/e1yGGo8ahCw
Test-709,70900,4708,2,DH-00009.jpg,http://www.screencast.com/t/e1yGGo8ahCw
Test-710,71000,4709,2,DH-00010.jpg,http://www.screencast.com/t/e1yGGo8ahCw
Test-711,71100,4710,2,DH-00011.jpg,http://www.screencast.com/t/e1yGGo8ahCw
Test-712,71200,4711,2,DH-00012.jpg,http://www.screencast.com/t/e1yGGo8ahCw
Test-713,71300,4712,2,DH-00013.jpg,http://www.screencast.com/t/e1yGGo8ahCw
Test-714,71400,4713,2,DH-00014.png,http://www.screencast.com/t/e1yGGo8ahCw
Test-715,71500,4714,2,DH-00015.jpg,http://www.screencast.com/t/e1yGGo8ahCw
Test-716,71600,4715,2,DH-00016.jpg,http://www.screencast.com/t/e1yGGo8ahCw
Test-717,71700,4716,2,DH-00001.jpg,http://www.screencast.com/t/e1yGGo8ahCw
Test-718,71800,4717,2,DH-00018.jpg,http://www.screencast.com/t/e1yGGo8ahCw
Test-719,71900,4718,2,DH-00019.jpg,http://www.screencast.com/t/e1yGGo8ahCw
Test-720,72000,4719,2,DH-00020.jpg,http://www.screencast.com/t/e1yGGo8ahCw
Test-721,72100,4720,2,DH-00021.jpg,http://www.screencast.com/t/e1yGGo8ahCw
Test-722,72200,4721,2,DH-00022.jpg,http://www.screencast.com/t/e1yGGo8ahCw
Test-723,72300,4722,2,DH-00023.jpg,http://www.screencast.com/t/e1yGGo8ahCw
Test-724,72400,4723,2,DH-00024.jpg,http://www.screencast.com/t/e1yGGo8ahCw
Test-725,72500,4724,2,DH-00025.jpg,http://www.screencast.com/t/e1yGGo8ahCw
Test-726,72600,4725,2,DH-00026.jpg,http://www.screencast.com/t/e1yGGo8ahCw
Test-727,72700,4726,2,DH-00027.jpg,http://www.screencast.com/t/e1yGGo8ahCw
Test-728,72800,4727,2,DH-00028.jpg,http://www.screencast.com/t/e1yGGo8ahCw
Test-729,72900,4728,2,DH-00029.jpg,http://www.screencast.com/t/e1yGGo8ahCw
Test-730,73000,4729,2,DH-00030.jpg,http://www.screencast.com/t/e1yGGo8ahCw
Test-731,73100,4730,2,DH-00031.jpg,http://www.screencast.com/t/e1yGGo8ahCw
Test-732,73200,4731,2,DH-00032.jpg,http://www.screencast.com/t/e1yGGo8ahCw
Test-733,73300,4732,2,DH-00033.jpg,http://www.screencast.com/t/e1yGGo8ahCw
Test-734,73400,4733,2,DH-00034.jpg,http://www.screencast.com/t/e1yGGo8ahCw
Test-735,73500,4734,2,DH-00035.jpg,http://www.screencast.com/t/e1yGGo8ahCw
Test-736,73600,4735,2,DH-00036.jpg,http://www.screencast.com/t/e1yGGo8ahCw
Test-737,73700,4736,2,DH-00037.jpg,http://www.screencast.com/t/e1yGGo8ahCw
Test-738,73800,4737,2,DH-00038.jpg,http://www.screencast.com/t/e1yGGo8ahCw
Test-739,73900,4738,2,DH-00039.jpg,http://www.screencast.com/t/e1yGGo8ahCw
Test-740,74000,4739,2,DH-00040.jpg,http://www.screencast.com/t/e1yGGo8ahCw
Test-741,74100,4740,2,DH-00041.jpg,http://www.screencast.com/t/e1yGGo8ahCw
Test-742,74200,4741,2,DH-00042.jpg,http://www.screencast.com/t/e1yGGo8ahCw
Test-743,74300,4742,2,DH-00043.jpg,http://www.screencast.com/t/e1yGGo8ahCw
Test-744,74400,4743,2,DH-00044.jpg,http://www.screencast.com/t/e1yGGo8ahCw
Test-745,74500,4744,2,DH-00045.jpg,http://www.screencast.com/t/e1yGGo8ahCw
Test-746,74600,4745,2,DH-00046.jpg,http://www.screencast.com/t/e1yGGo8ahCw
Test-747,74700,4746,2,DH-00047.jpg,http://www.screencast.com/t/e1yGGo8ahCw
Test-748,74800,4747,2,DH-00048.jpg,http://www.screencast.com/t/e1yGGo8ahCw
Test-749,74900,4748,2,DH-00049.jpg,http://www.screencast.com/t/e1yGGo8ahCw
Test-750,75000,4749,2,DH-00050.jpg,http://www.screencast.com/t/e1yGGo8ahCw
Test-751,75100,4750,2,DH-00001.jpg,http://www.screencast.com/t/e1yGGo8ahCw
Test-752,75200,4751,2,DH-00002.jpg,http://www.screencast.com/t/e1yGGo8ahCw
Test-753,75300,4752,2,DH-00003.jpg,http://www.screencast.com/t/e1yGGo8ahCw
Test-754,75400,4753,2,DH-00004.jpg,http://www.screencast.com/t/e1yGGo8ahCw
Test-755,75500,4754,2,DH-00005.jpg,http://www.screencast.com/t/e1yGGo8ahCw
Test-756,75600,4755,2,DH-00001.jpg,http://www.screencast.com/t/e1yGGo8ahCw
Test-757,75700,4756,2,DH-00007.jpg,http://www.screencast.com/t/e1yGGo8ahCw
Test-758,75800,4757,2,DH-00008.jpg,http://www.screencast.com/t/e1yGGo8ahCw
Test-759,75900,4758,2,DH-00009.jpg,http://www.screencast.com/t/e1yGGo8ahCw
Test-760,76000,4759,2,DH-00010.jpg,http://www.screencast.com/t/e1yGGo8ahCw
Test-761,76100,4760,2,DH-00011.jpg,http://www.screencast.com/t/e1yGGo8ahCw
Test-762,76200,4761,2,DH-00012.jpg,http://www.screencast.com/t/e1yGGo8ahCw
Test-763,76300,4762,2,DH-00013.jpg,http://www.screencast.com/t/e1yGGo8ahCw
Test-764,76400,4763,2,DH-00014.png,http://www.screencast.com/t/e1yGGo8ahCw
Test-765,76500,4764,2,DH-00015.jpg,http://www.screencast.com/t/e1yGGo8ahCw
Test-766,76600,4765,2,DH-00016.jpg,http://www.screencast.com/t/e1yGGo8ahCw
Test-767,76700,4766,2,DH-00001.jpg,http://www.screencast.com/t/e1yGGo8ahCw
Test-768,76800,4767,2,DH-00018.jpg,http://www.screencast.com/t/e1yGGo8ahCw
Test-769,76900,4768,2,DH-00019.jpg,http://www.screencast.com/t/e1yGGo8ahCw
Test-770,77000,4769,2,DH-00020.jpg,http://www.screencast.com/t/e1yGGo8ahCw
Test-771,77100,4770,2,DH-00021.jpg,http://www.screencast.com/t/e1yGGo8ahCw
Test-772,77200,4771,2,DH-00022.jpg,http://www.screencast.com/t/e1yGGo8ahCw
Test-773,77300,4772,2,DH-00023.jpg,http://www.screencast.com/t/e1yGGo8ahCw
Test-774,77400,4773,2,DH-00024.jpg,http://www.screencast.com/t/e1yGGo8ahCw
Test-775,77500,4774,2,DH-00025.jpg,http://www.screencast.com/t/e1yGGo8ahCw
Test-776,77600,4775,2,DH-00026.jpg,http://www.screencast.com/t/e1yGGo8ahCw
Test-777,77700,4776,2,DH-00027.jpg,http://www.screencast.com/t/e1yGGo8ahCw
Test-778,77800,4777,2,DH-00028.jpg,http://www.screencast.com/t/e1yGGo8ahCw
Test-779,77900,4778,2,DH-00029.jpg,http://www.screencast.com/t/e1yGGo8ahCw
Test-780,78000,4779,2,DH-00030.jpg,http://www.screencast.com/t/e1yGGo8ahCw
Test-781,78100,4780,2,DH-00031.jpg,http://www.screencast.com/t/e1yGGo8ahCw
Test-782,78200,4781,2,DH-00032.jpg,http://www.screencast.com/t/e1yGGo8ahCw
Test-783,78300,4782,2,DH-00033.jpg,http://www.screencast.com/t/e1yGGo8ahCw
Test-784,78400,4783,2,DH-00034.jpg,http://www.screencast.com/t/e1yGGo8ahCw
Test-785,78500,4784,2,DH-00035.jpg,http://www.screencast.com/t/e1yGGo8ahCw
Test-786,78600,4785,2,DH-00036.jpg,http://www.screencast.com/t/e1yGGo8ahCw
Test-787,78700,4786,2,DH-00037.jpg,http://www.screencast.com/t/e1yGGo8ahCw
Test-788,78800,4787,2,DH-00038.jpg,http://www.screencast.com/t/e1yGGo8ahCw
Test-789,78900,4788,2,DH-00039.jpg,http://www.screencast.com/t/e1yGGo8ahCw
Test-790,79000,4789,2,DH-00040.jpg,http://www.screencast.com/t/e1yGGo8ahCw
Test-791,79100,4790,2,DH-00041.jpg,http://www.screencast.com/t/e1yGGo8ahCw
Test-792,79200,4791,2,DH-00042.jpg,http://www.screencast.com/t/e1yGGo8ahCw
Test-793,79300,4792,2,DH-00043.jpg,http://www.screencast.com/t/e1yGGo8ahCw
Test-794,79400,4793,2,DH-00044.jpg,http://www.screencast.com/t/e1yGGo8ahCw
Test-795,79500,4794,2,DH-00045.jpg,http://www.screencast.com/t/e1yGGo8ahCw
Test-796,79600,4795,2,DH-00046.jpg,http://www.screencast.com/t/e1yGGo8ahCw
Test-797,79700,4796,2,DH-00047.jpg,http://www.screencast.com/t/e1yGGo8ahCw
Test-798,79800,4797,2,DH-00048.jpg,http://www.screencast.com/t/e1yGGo8ahCw
Test-799,79900,4798,2,DH-00049.jpg,http://www.screencast.com/t/e1yGGo8ahCw
Test-800,80000,4799,2,DH-00050.jpg,http://www.screencast.com/t/e1yGGo8ahCw
Test-801,80100,4800,2,DH-00001.jpg,http://www.screencast.com/t/e1yGGo8ahCw
Test-802,80200,4801,2,DH-00002.jpg,http://www.screencast.com/t/e1yGGo8ahCw
Test-803,80300,4802,2,DH-00003.jpg,http://www.screencast.com/t/e1yGGo8ahCw
Test-804,80400,4803,2,DH-00004.jpg,http://www.screencast.com/t/e1yGGo8ahCw
Test-805,80500,4804,2,DH-00005.jpg,http://www.screencast.com/t/e1yGGo8ahCw
Test-806,80600,4805,2,DH-00001.jpg,http://www.screencast.com/t/e1yGGo8ahCw
Test-807,80700,4806,2,DH-00007.jpg,http://www.screencast.com/t/e1yGGo8ahCw
Test-808,80800,4807,2,DH-00008.jpg,http://www.screencast.com/t/e1yGGo8ahCw
Test-809,80900,4808,2,DH-00009.jpg,http://www.screencast.com/t/e1yGGo8ahCw
Test-810,81000,4809,2,DH-00010.jpg,http://www.screencast.com/t/e1yGGo8ahCw
Test-811,81100,4810,2,DH-00011.jpg,http://www.screencast.com/t/e1yGGo8ahCw
Test-812,81200,4811,2,DH-00012.jpg,http://www.screencast.com/t/e1yGGo8ahCw
Test-813,81300,4812,2,DH-00013.jpg,http://www.screencast.com/t/e1yGGo8ahCw
Test-814,81400,4813,2,DH-00014.png,http://www.screencast.com/t/e1yGGo8ahCw
Test-815,81500,4814,2,DH-00015.jpg,http://www.screencast.com/t/e1yGGo8ahCw
Test-816,81600,4815,2,DH-00016.jpg,http://www.screencast.com/t/e1yGGo8ahCw
Test-817,81700,4816,2,DH-00001.jpg,http://www.screencast.com/t/e1yGGo8ahCw
Test-818,81800,4817,2,DH-00018.jpg,http://www.screencast.com/t/e1yGGo8ahCw
Test-819,81900,4818,2,DH-00019.jpg,http://www.screencast.com/t/e1yGGo8ahCw
Test-820,82000,4819,2,DH-00020.jpg,http://www.screencast.com/t/e1yGGo8ahCw
Test-821,82100,4820,2,DH-00021.jpg,http://www.screencast.com/t/e1yGGo8ahCw
Test-822,82200,4821,2,DH-00022.jpg,http://www.screencast.com/t/e1yGGo8ahCw
Test-823,82300,4822,2,DH-00023.jpg,http://www.screencast.com/t/e1yGGo8ahCw
Test-824,82400,4823,2,DH-00024.jpg,http://www.screencast.com/t/e1yGGo8ahCw
Test-825,82500,4824,2,DH-00025.jpg,http://www.screencast.com/t/e1yGGo8ahCw
Test-826,82600,4825,2,DH-00026.jpg,http://www.screencast.com/t/e1yGGo8ahCw
Test-827,82700,4826,2,DH-00027.jpg,http://www.screencast.com/t/e1yGGo8ahCw
Test-828,82800,4827,2,DH-00028.jpg,http://www.screencast.com/t/e1yGGo8ahCw
Test-829,82900,4828,2,DH-00029.jpg,http://www.screencast.com/t/e1yGGo8ahCw
Test-830,83000,4829,2,DH-00030.jpg,http://www.screencast.com/t/e1yGGo8ahCw
Test-831,83100,4830,2,DH-00031.jpg,http://www.screencast.com/t/e1yGGo8ahCw
Test-832,83200,4831,2,DH-00032.jpg,http://www.screencast.com/t/e1yGGo8ahCw
Test-833,83300,4832,2,DH-00033.jpg,http://www.screencast.com/t/e1yGGo8ahCw
Test-834,83400,4833,2,DH-00034.jpg,http://www.screencast.com/t/e1yGGo8ahCw
Test-835,83500,4834,2,DH-00035.jpg,http://www.screencast.com/t/e1yGGo8ahCw
Test-836,83600,4835,2,DH-00036.jpg,http://www.screencast.com/t/e1yGGo8ahCw
Test-837,83700,4836,2,DH-00037.jpg,http://www.screencast.com/t/e1yGGo8ahCw
Test-838,83800,4837,2,DH-00038.jpg,http://www.screencast.com/t/e1yGGo8ahCw
Test-839,83900,4838,2,DH-00039.jpg,http://www.screencast.com/t/e1yGGo8ahCw
Test-840,84000,4839,2,DH-00040.jpg,http://www.screencast.com/t/e1yGGo8ahCw
Test-841,84100,4840,2,DH-00041.jpg,http://www.screencast.com/t/e1yGGo8ahCw
Test-842,84200,4841,2,DH-00042.jpg,http://www.screencast.com/t/e1yGGo8ahCw
Test-843,84300,4842,2,DH-00043.jpg,http://www.screencast.com/t/e1yGGo8ahCw
Test-844,84400,4843,2,DH-00044.jpg,http://www.screencast.com/t/e1yGGo8ahCw
Test-845,84500,4844,2,DH-00045.jpg,http://www.screencast.com/t/e1yGGo8ahCw
Test-846,84600,4845,2,DH-00046.jpg,http://www.screencast.com/t/e1yGGo8ahCw
Test-847,84700,4846,2,DH-00047.jpg,http://www.screencast.com/t/e1yGGo8ahCw
Test-848,84800,4847,2,DH-00048.jpg,http://www.screencast.com/t/e1yGGo8ahCw
Test-849,84900,4848,2,DH-00049.jpg,http://www.screencast.com/t/e1yGGo8ahCw
Test-850,85000,4849,2,DH-00050.jpg,http://www.screencast.com/t/e1yGGo8ahCw
Test-851,85100,4850,2,DH-00001.jpg,http://www.screencast.com/t/e1yGGo8ahCw
Test-852,85200,4851,2,DH-00002.jpg,http://www.screencast.com/t/e1yGGo8ahCw
Test-853,85300,4852,2,DH-00003.jpg,http://www.screencast.com/t/e1yGGo8ahCw
Test-854,85400,4853,2,DH-00004.jpg,http://www.screencast.com/t/e1yGGo8ahCw
Test-855,85500,4854,2,DH-00005.jpg,http://www.screencast.com/t/e1yGGo8ahCw
Test-856,85600,4855,2,DH-00001.jpg,http://www.screencast.com/t/e1yGGo8ahCw
Test-857,85700,4856,2,DH-00007.jpg,http://www.screencast.com/t/e1yGGo8ahCw
Test-858,85800,4857,2,DH-00008.jpg,http://www.screencast.com/t/e1yGGo8ahCw
Test-859,85900,4858,2,DH-00009.jpg,http://www.screencast.com/t/e1yGGo8ahCw
Test-860,86000,4859,2,DH-00010.jpg,http://www.screencast.com/t/e1yGGo8ahCw
Test-861,86100,4860,2,DH-00011.jpg,http://www.screencast.com/t/e1yGGo8ahCw
Test-862,86200,4861,2,DH-00012.jpg,http://www.screencast.com/t/e1yGGo8ahCw
Test-863,86300,4862,2,DH-00013.jpg,http://www.screencast.com/t/e1yGGo8ahCw
Test-864,86400,4863,2,DH-00014.png,http://www.screencast.com/t/e1yGGo8ahCw
Test-865,86500,4864,2,DH-00015.jpg,http://www.screencast.com/t/e1yGGo8ahCw
Test-866,86600,4865,2,DH-00016.jpg,http://www.screencast.com/t/e1yGGo8ahCw
Test-867,86700,4866,2,DH-00001.jpg,http://www.screencast.com/t/e1yGGo8ahCw
Test-868,86800,4867,2,DH-00018.jpg,http://www.screencast.com/t/e1yGGo8ahCw
Test-869,86900,4868,2,DH-00019.jpg,http://www.screencast.com/t/e1yGGo8ahCw
Test-870,87000,4869,2,DH-00020.jpg,http://www.screencast.com/t/e1yGGo8ahCw
Test-871,87100,4870,2,DH-00021.jpg,http://www.screencast.com/t/e1yGGo8ahCw
Test-872,87200,4871,2,DH-00022.jpg,http://www.screencast.com/t/e1yGGo8ahCw
Test-873,87300,4872,2,DH-00023.jpg,http://www.screencast.com/t/e1yGGo8ahCw
Test-874,87400,4873,2,DH-00024.jpg,http://www.screencast.com/t/e1yGGo8ahCw
Test-875,87500,4874,2,DH-00025.jpg,http://www.screencast.com/t/e1yGGo8ahCw
Test-876,87600,4875,2,DH-00026.jpg,http://www.screencast.com/t/e1yGGo8ahCw
Test-877,87700,4876,2,DH-00027.jpg,http://www.screencast.com/t/e1yGGo8ahCw
Test-878,87800,4877,2,DH-00028.jpg,http://www.screencast.com/t/e1yGGo8ahCw
Test-879,87900,4878,2,DH-00029.jpg,http://www.screencast.com/t/e1yGGo8ahCw
Test-880,88000,4879,2,DH-00030.jpg,http://www.screencast.com/t/e1yGGo8ahCw
Test-881,88100,4880,2,DH-00031.jpg,http://www.screencast.com/t/e1yGGo8ahCw
Test-882,88200,4881,2,DH-00032.jpg,http://www.screencast.com/t/e1yGGo8ahCw
Test-883,88300,4882,2,DH-00033.jpg,http://www.screencast.com/t/e1yGGo8ahCw
Test-884,88400,4883,2,DH-00034.jpg,http://www.screencast.com/t/e1yGGo8ahCw
Test-885,88500,4884,2,DH-00035.jpg,http://www.screencast.com/t/e1yGGo8ahCw
Test-886,88600,4885,2,DH-00036.jpg,http://www.screencast.com/t/e1yGGo8ahCw
Test-887,88700,4886,2,DH-00037.jpg,http://www.screencast.com/t/e1yGGo8ahCw
Test-888,88800,4887,2,DH-00038.jpg,http://www.screencast.com/t/e1yGGo8ahCw
Test-889,88900,4888,2,DH-00039.jpg,http://www.screencast.com/t/e1yGGo8ahCw
Test-890,89000,4889,2,DH-00040.jpg,http://www.screencast.com/t/e1yGGo8ahCw
Test-891,89100,4890,2,DH-00041.jpg,http://www.screencast.com/t/e1yGGo8ahCw
Test-892,89200,4891,2,DH-00042.jpg,http://www.screencast.com/t/e1yGGo8ahCw
Test-893,89300,4892,2,DH-00043.jpg,http://www.screencast.com/t/e1yGGo8ahCw
Test-894,89400,4893,2,DH-00044.jpg,http://www.screencast.com/t/e1yGGo8ahCw
Test-895,89500,4894,2,DH-00045.jpg,http://www.screencast.com/t/e1yGGo8ahCw
Test-896,89600,4895,2,DH-00046.jpg,http://www.screencast.com/t/e1yGGo8ahCw
Test-897,89700,4896,2,DH-00047.jpg,http://www.screencast.com/t/e1yGGo8ahCw
Test-898,89800,4897,2,DH-00048.jpg,http://www.screencast.com/t/e1yGGo8ahCw
Test-899,89900,4898,2,DH-00049.jpg,http://www.screencast.com/t/e1yGGo8ahCw
Test-900,90000,4899,2,DH-00050.jpg,http://www.screencast.com/t/e1yGGo8ahCw
Test-901,90100,4900,2,DH-00001.jpg,http://www.screencast.com/t/e1yGGo8ahCw
Test-902,90200,4901,2,DH-00002.jpg,http://www.screencast.com/t/e1yGGo8ahCw
Test-903,90300,4902,2,DH-00003.jpg,http://www.screencast.com/t/e1yGGo8ahCw
Test-904,90400,4903,2,DH-00004.jpg,http://www.screencast.com/t/e1yGGo8ahCw
Test-905,90500,4904,2,DH-00005.jpg,http://www.screencast.com/t/e1yGGo8ahCw
Test-906,90600,4905,2,DH-00001.jpg,http://www.screencast.com/t/e1yGGo8ahCw
Test-907,90700,4906,2,DH-00007.jpg,http://www.screencast.com/t/e1yGGo8ahCw
Test-908,90800,4907,2,DH-00008.jpg,http://www.screencast.com/t/e1yGGo8ahCw
Test-909,90900,4908,2,DH-00009.jpg,http://www.screencast.com/t/e1yGGo8ahCw
Test-910,91000,4909,2,DH-00010.jpg,http://www.screencast.com/t/e1yGGo8ahCw
Test-911,91100,4910,2,DH-00011.jpg,http://www.screencast.com/t/e1yGGo8ahCw
Test-912,91200,4911,2,DH-00012.jpg,http://www.screencast.com/t/e1yGGo8ahCw
Test-913,91300,4912,2,DH-00013.jpg,http://www.screencast.com/t/e1yGGo8ahCw
Test-914,91400,4913,2,DH-00014.png,http://www.screencast.com/t/e1yGGo8ahCw
Test-915,91500,4914,2,DH-00015.jpg,http://www.screencast.com/t/e1yGGo8ahCw
Test-916,91600,4915,2,DH-00016.jpg,http://www.screencast.com/t/e1yGGo8ahCw
Test-917,91700,4916,2,DH-00001.jpg,http://www.screencast.com/t/e1yGGo8ahCw
Test-918,91800,4917,2,DH-00018.jpg,http://www.screencast.com/t/e1yGGo8ahCw
Test-919,91900,4918,2,DH-00019.jpg,http://www.screencast.com/t/e1yGGo8ahCw
Test-920,92000,4919,2,DH-00020.jpg,http://www.screencast.com/t/e1yGGo8ahCw
Test-921,92100,4920,2,DH-00021.jpg,http://www.screencast.com/t/e1yGGo8ahCw
Test-922,92200,4921,2,DH-00022.jpg,http://www.screencast.com/t/e1yGGo8ahCw
Test-923,92300,4922,2,DH-00023.jpg,http://www.screencast.com/t/e1yGGo8ahCw
Test-924,92400,4923,2,DH-00024.jpg,http://www.screencast.com/t/e1yGGo8ahCw
Test-925,92500,4924,2,DH-00025.jpg,http://www.screencast.com/t/e1yGGo8ahCw
Test-926,92600,4925,2,DH-00026.jpg,http://www.screencast.com/t/e1yGGo8ahCw
Test-927,92700,4926,2,DH-00027.jpg,http://www.screencast.com/t/e1yGGo8ahCw
Test-928,92800,4927,2,DH-00028.jpg,http://www.screencast.com/t/e1yGGo8ahCw
Test-929,92900,4928,2,DH-00029.jpg,http://www.screencast.com/t/e1yGGo8ahCw
Test-930,93000,4929,2,DH-00030.jpg,http://www.screencast.com/t/e1yGGo8ahCw
Test-931,93100,4930,2,DH-00031.jpg,http://www.screencast.com/t/e1yGGo8ahCw
Test-932,93200,4931,2,DH-00032.jpg,http://www.screencast.com/t/e1yGGo8ahCw
Test-933,93300,4932,2,DH-00033.jpg,http://www.screencast.com/t/e1yGGo8ahCw
Test-934,93400,4933,2,DH-00034.jpg,http://www.screencast.com/t/e1yGGo8ahCw
Test-935,93500,4934,2,DH-00035.jpg,http://www.screencast.com/t/e1yGGo8ahCw
Test-936,93600,4935,2,DH-00036.jpg,http://www.screencast.com/t/e1yGGo8ahCw
Test-937,93700,4936,2,DH-00037.jpg,http://www.screencast.com/t/e1yGGo8ahCw
Test-938,93800,4937,2,DH-00038.jpg,http://www.screencast.com/t/e1yGGo8ahCw
Test-939,93900,4938,2,DH-00039.jpg,http://www.screencast.com/t/e1yGGo8ahCw
Test-940,94000,4939,2,DH-00040.jpg,http://www.screencast.com/t/e1yGGo8ahCw
Test-941,94100,4940,2,DH-00041.jpg,http://www.screencast.com/t/e1yGGo8ahCw
Test-942,94200,4941,2,DH-00042.jpg,http://www.screencast.com/t/e1yGGo8ahCw
Test-943,94300,4942,2,DH-00043.jpg,http://www.screencast.com/t/e1yGGo8ahCw
Test-944,94400,4943,2,DH-00044.jpg,http://www.screencast.com/t/e1yGGo8ahCw
Test-945,94500,4944,2,DH-00045.jpg,http://www.screencast.com/t/e1yGGo8ahCw
Test-946,94600,4945,2,DH-00046.jpg,http://www.screencast.com/t/e1yGGo8ahCw
Test-947,94700,4946,2,DH-00047.jpg,http://www.screencast.com/t/e1yGGo8ahCw
Test-948,94800,4947,2,DH-00048.jpg,http://www.screencast.com/t/e1yGGo8ahCw
Test-949,94900,4948,2,DH-00049.jpg,http://www.screencast.com/t/e1yGGo8ahCw
Test-950,95000,4949,2,DH-00050.jpg,http://www.screencast.com/t/e1yGGo8ahCw
Test-951,95100,4950,2,DH-00001.jpg,http://www.screencast.com/t/e1yGGo8ahCw
Test-952,95200,4951,2,DH-00002.jpg,http://www.screencast.com/t/e1yGGo8ahCw
Test-953,95300,4952,2,DH-00003.jpg,http://www.screencast.com/t/e1yGGo8ahCw
Test-954,95400,4953,2,DH-00004.jpg,http://www.screencast.com/t/e1yGGo8ahCw
Test-955,95500,4954,2,DH-00005.jpg,http://www.screencast.com/t/e1yGGo8ahCw
Test-956,95600,4955,2,DH-00001.jpg,http://www.screencast.com/t/e1yGGo8ahCw
Test-957,95700,4956,2,DH-00007.jpg,http://www.screencast.com/t/e1yGGo8ahCw
Test-958,95800,4957,2,DH-00008.jpg,http://www.screencast.com/t/e1yGGo8ahCw
Test-959,95900,4958,2,DH-00009.jpg,http://www.screencast.com/t/e1yGGo8ahCw
Test-960,96000,4959,2,DH-00010.jpg,http://www.screencast.com/t/e1yGGo8ahCw
Test-961,96100,4960,2,DH-00011.jpg,http://www.screencast.com/t/e1yGGo8ahCw
Test-962,96200,4961,2,DH-00012.jpg,http://www.screencast.com/t/e1yGGo8ahCw
Test-963,96300,4962,2,DH-00013.jpg,http://www.screencast.com/t/e1yGGo8ahCw
Test-964,96400,4963,2,DH-00014.png,http://www.screencast.com/t/e1yGGo8ahCw
Test-965,96500,4964,2,DH-00015.jpg,http://www.screencast.com/t/e1yGGo8ahCw
Test-966,96600,4965,2,DH-00016.jpg,http://www.screencast.com/t/e1yGGo8ahCw
Test-967,96700,4966,2,DH-00001.jpg,http://www.screencast.com/t/e1yGGo8ahCw
Test-968,96800,4967,2,DH-00018.jpg,http://www.screencast.com/t/e1yGGo8ahCw
Test-969,96900,4968,2,DH-00019.jpg,http://www.screencast.com/t/e1yGGo8ahCw
Test-970,97000,4969,2,DH-00020.jpg,http://www.screencast.com/t/e1yGGo8ahCw
Test-971,97100,4970,2,DH-00021.jpg,http://www.screencast.com/t/e1yGGo8ahCw
Test-972,97200,4971,2,DH-00022.jpg,http://www.screencast.com/t/e1yGGo8ahCw
Test-973,97300,4972,2,DH-00023.jpg,http://www.screencast.com/t/e1yGGo8ahCw
Test-974,97400,4973,2,DH-00024.jpg,http://www.screencast.com/t/e1yGGo8ahCw
Test-975,97500,4974,2,DH-00025.jpg,http://www.screencast.com/t/e1yGGo8ahCw
Test-976,97600,4975,2,DH-00026.jpg,http://www.screencast.com/t/e1yGGo8ahCw
Test-977,97700,4976,2,DH-00027.jpg,http://www.screencast.com/t/e1yGGo8ahCw
Test-978,97800,4977,2,DH-00028.jpg,http://www.screencast.com/t/e1yGGo8ahCw
Test-979,97900,4978,2,DH-00029.jpg,http://www.screencast.com/t/e1yGGo8ahCw
Test-980,98000,4979,2,DH-00030.jpg,http://www.screencast.com/t/e1yGGo8ahCw
Test-981,98100,4980,2,DH-00031.jpg,http://www.screencast.com/t/e1yGGo8ahCw
Test-982,98200,4981,2,DH-00032.jpg,http://www.screencast.com/t/e1yGGo8ahCw
Test-983,98300,4982,2,DH-00033.jpg,http://www.screencast.com/t/e1yGGo8ahCw
Test-984,98400,4983,2,DH-00034.jpg,http://www.screencast.com/t/e1yGGo8ahCw
Test-985,98500,4984,2,DH-00035.jpg,http://www.screencast.com/t/e1yGGo8ahCw
Test-986,98600,4985,2,DH-00036.jpg,http://www.screencast.com/t/e1yGGo8ahCw
Test-987,98700,4986,2,DH-00037.jpg,http://www.screencast.com/t/e1yGGo8ahCw
Test-988,98800,4987,2,DH-00038.jpg,http://www.screencast.com/t/e1yGGo8ahCw
Test-989,98900,4988,2,DH-00039.jpg,http://www.screencast.com/t/e1yGGo8ahCw
Test-990,99000,4989,2,DH-00040.jpg,http://www.screencast.com/t/e1yGGo8ahCw
Test-991,99100,4990,2,DH-00041.jpg,http://www.screencast.com/t/e1yGGo8ahCw
Test-992,99200,4991,2,DH-00042.jpg,http://www.screencast.com/t/e1yGGo8ahCw
Test-993,99300,4992,2,DH-00043.jpg,http://www.screencast.com/t/e1yGGo8ahCw
Test-994,99400,4993,2,DH-00044.jpg,http://www.screencast.com/t/e1yGGo8ahCw
Test-995,99500,4994,2,DH-00045.jpg,http://www.screencast.com/t/e1yGGo8ahCw
Test-996,99600,4995,2,DH-00046.jpg,http://www.screencast.com/t/e1yGGo8ahCw
Test-997,99700,4996,2,DH-00047.jpg,http://www.screencast.com/t/e1yGGo8ahCw
Test-998,99800,4997,2,DH-00048.jpg,http://www.screencast.com/t/e1yGGo8ahCw
Test-999,99900,4998,2,DH-00049.jpg,http://www.screencast.com/t/e1yGGo8ahCw
Test-1000,100000,4999,2,DH-00050.jpg,http://www.screencast.com/t/e1yGGo8ahCw
